DD28E303-2043-4765-9DBC-00AB4836A5FF;2006-05-05;BPRAUX;230
8EF84F38-2FDA-4126-939B-EB8D49676A85;2009-05-11;BPRAUX;230
7A839D99-FC0A-4EE0-846C-9F9063724C66;2021-06-13;BPRAUX;230
9E00283D-2CBB-4BEF-9B06-1E66D4686550;1990-12-31;"DUPLA ";230
A71477A6-16AD-4759-8D98-7AB56DC5AB7D;1990-12-31;BPRAUX;230
0AC983BF-C77D-463D-A8D8-993E4D5E7C21;2015-11-30;DJMEIO;230
4F727414-F7E6-4B01-869D-C6717BCED803;2013-12-11;"DUPLA ";230
AB491B85-112D-44AC-A2B8-8AC3F712907A;2015-09-05;DJMEIO;500
8F95A664-DE6F-49FB-859A-3C27EF11F534;2006-06-29;BPRAUX;230
6036494F-799D-432A-951B-0FD9BCAE3383;2006-10-17;OUTROS;440
104A009D-8BA7-4B68-BC2F-F007BF0D7B6D;2005-07-17;DJMEIO;500
BF3AEF5D-C6F4-4B6E-AB23-E20259719D21;2020-05-24;DJMEIO;500
430868C8-CCC6-4943-AA95-91E0B2DDBA06;1990-12-31;DJMEIO;440
ED424732-3580-4C2C-9F42-057AED83126A;2024-11-18;"DUPLA ";345
7E47271A-9402-41EB-AB36-67F25E9ADADF;2022-03-27;BPRAUX;230
870EFCB6-0506-4C36-900B-58B90AE08897;2018-05-08;"DUPLA ";230
1D2EA738-97F5-413A-BA15-7C99BC5120C3;1990-12-31;"DUPLA ";230
035C52AA-9DBB-446B-988D-E23209B52E51;1990-12-31;BPRAUX;230
9F341F7C-2641-4A78-ABBA-50A9DBFE3D8D;1990-12-31;BPRAUX;230
03305618-8601-4B76-8E80-AD1AE27609A4;2018-10-26;"DUPLA ";345
A80E1052-90E2-4B3A-804C-17865D1BA07E;2024-07-02;"DUPLA ";230
9D94996F-3AF4-449E-9E14-D8A0FF6B4B2B;2013-01-07;DJMEIO;345
30D3BFE8-F44A-4B29-9DC6-326B60A5615F;1990-12-31;"DUPLA ";230
8E9F1020-6887-47D2-897C-C8C8FB015B90;1990-12-31;BPRAUX;230
20EE3B08-3F70-4CDC-B7CD-B4B6D7EFC497;2014-11-22;BPRAUX;230
6B7014BA-D2B2-491C-9562-F28552F195D7;2000-09-05;DJMEIO;500
1ED97052-3D8C-4DFA-8C03-0BD915897D56;2023-06-18;OUTROS;230
C6047CE0-9451-4ECC-AAF2-DFCA6190BDC9;1990-12-31;BPRAUX;230
42D1D8CB-80FB-4477-992F-5B36682F7037;2017-02-03;DJMEIO;500
BB3CE716-58DB-4B32-970C-02A89E44791D;2000-12-31;BPRAUX;230
D59DDC65-B0C8-40A6-9851-50D0726C9E1F;1998-06-09;BPRAUX;230
8279B13B-B969-4823-9B7F-4062A583A5B6;2002-09-29;BPRAUX;230
2F0B4580-9C56-40B9-A79E-011AA226D402;2018-03-04;"DUPLA ";230
CB45A75F-1CA7-4754-A19E-79ACBFD86E7C;2016-06-04;"DUPLA ";138
1FBF8807-07B1-4E64-B30B-C2D1E1877D3D;1990-12-31;TRIPLA;345
FE9D18AC-FF6F-406E-88E0-9D258741BB1D;2012-12-09;DJMEIO;500
B9DA195A-C798-40F8-BC58-AB1D1ABDA256;1990-12-31;BPRAUX;230
A0146C0A-219D-4E78-9BC2-9B62DC02D44F;1990-12-31;"DUPLA ";230
B67A6759-A83E-488C-8696-4C5E87CD94E1;2020-04-25;DJMEIO;500
0D73717F-9B64-45D8-9390-42A477B75B22;2017-10-09;"DUPLA ";440
D3FB5DCE-F33B-4FD3-91AF-CEA0446341CF;1990-12-31;BPRAUX;230
8ED1FE13-8DE2-430D-80C1-1C4495111195;1990-12-31;BPRAUX;230
0CA68153-851D-4968-A9DC-0C42009EFDE9;1990-12-31;DJMEIO;500
EC3B46F5-6D6B-45FC-A05A-70A2224997C2;2014-07-15;BPRAUX;230
BF7DF309-F8B5-42A8-80DF-F33F7B3F23CC;1990-12-31;"DUPLA ";345
19C2D2FC-18E5-4CC8-AB00-42F530EF12CC;2021-12-21;DJMEIO;500
5BFA5E09-A362-42B7-BA96-472D41DC178D;1990-12-31;"DUPLA ";230
5F0C3A57-9E28-444B-AD0F-C50B861004C1;2012-03-29;DJMEIO;440
8EF70AD9-6B4D-4180-A78E-52B4A563C1CB;2022-01-29;DJMEIO;500
86C3E933-98B8-4ADA-827E-279C1C5EF633;2019-09-07;"ANEL  ";230
9D5E0888-AED0-4421-A5AB-7A8439AAAEA3;2011-12-27;"DUPLA ";230
8C4FBEC2-F1A5-4336-883A-E15C18D81F97;2022-02-06;DJMEIO;500
2913AA43-DAB3-4727-97D2-C38B86F71128;2022-12-14;DJMEIO;500
AFF3BDD3-24C5-4873-9A1F-5E095330A78F;2015-06-22;DJMEIO;440
2023419F-4043-4170-AEA7-05DBFA33862A;1990-12-31;BPRAUX;230
71265105-B927-491F-9FBC-F2FA23EE7DA2;1990-12-31;DJMEIO;500
E46E07CE-14C5-488C-A7DA-B4961E2EE29C;1990-12-31;DJMEIO;500
AE54E534-A74D-46DC-8F22-8C0F7C94B5F6;2016-09-21;"DUPLA ";230
62F835CA-317D-46C9-90DA-C87C8CD69E20;1998-02-08;"DUPLA ";230
DDB78145-F203-4785-B820-79E009E09EB1;1990-12-31;BPRAUX;230
80F8F1CB-814E-4E45-8D98-C829821FC6EF;1990-12-31;"ANEL  ";345
BCB45581-9CC0-4607-8BB1-477B6E92CF1E;2010-04-21;BPRAUX;230
ABEF99A0-CDEA-4A8F-B398-A42175A5A6E4;2011-07-17;DJMEIO;500
30A963E2-56DC-4C6F-85FE-19F9FD54A91D;2016-01-29;"DUPLA ";230
68EEE1C6-80EB-449A-855A-A3EB182BEC07;2019-05-09;DJMEIO;230
AC52B34B-D800-4D88-A136-D15385665CA3;1990-12-31;"DUPLA ";230
8851D927-6303-4FAE-992B-A1231C700070;2011-09-07;BPRAUX;230
415E2AC6-9736-4B8F-AEBF-1E2F89FC80E3;2020-03-14;DJMEIO;500
76635ABF-250D-4129-9630-39E925152686;2018-05-27;"DUPLA ";230
7A3ED9C6-E64E-4BA4-9BDC-8A012AB76DF8;2013-12-11;"DUPLA ";230
EE138E80-2ED9-43EB-B510-7187B7935211;2014-07-27;BPRAUX;230
D382CDA4-884A-4B9B-A22D-ABB67EFB11E4;1990-12-31;TRIPLA;345
3AF39594-F1F2-41DD-8019-F6DC70309A84;2019-12-23;DJMEIO;500
7F009C31-F8C1-482C-8931-B8E8A5A7A4D9;2007-07-03;"DUPLA ";230
AAE94654-1BF0-4685-9517-9455367E1819;2017-08-01;DJMEIO;500
560FFDCD-48C9-499F-9FFD-8CC02E008B48;1990-12-31;"DUPLA ";345
D575E2B8-849E-44B4-ADE1-B032BB48C657;2003-10-19;"DUPLA ";345
BAA8A8EF-F082-42DB-BCA0-CC851F318378;2024-04-23;BPRAUX;230
6BA3AF5F-A1DB-4453-B0FF-436B72B71550;1990-12-31;BPRAUX;230
5739BAFF-F3B3-4D68-8255-E61A5CD65DBD;2008-12-14;"DUPLA ";230
9E1F64C4-AEE8-4475-B918-BD14FB11C39A;1990-12-31;BPRAUX;230
5EEB6A31-85AD-48E8-B1AC-6C5B174D7321;1990-12-31;DJMEIO;500
D8AE955C-E591-4791-9CBF-FE419A630610;1990-12-31;"DUPLA ";230
48A0384D-7E79-4BFA-B8D2-6081AD2F90F9;2002-06-25;DJMEIO;500
7C0FE479-4111-4BB5-8D55-607B41C9B0F3;2010-07-20;DJMEIO;345
789538B1-103F-4BBB-9681-2AAC7E5B54E7;2013-08-05;DJMEIO;500
AE11A6F6-9BAC-4F37-AF8B-E21BA0D249A7;2007-03-09;DJMEIO;500
50000832-22FC-46AE-B154-E74A23D7E98F;1990-12-31;BPRAUX;230
5CD63272-9719-4D60-84D8-2041F64F5A46;2018-03-06;BPRAUX;230
DF88F395-7D5B-4E72-AB84-030D8C44E9C9;2005-02-02;DJMEIO;500
80904C47-EAC6-45D1-96FB-37B55200D33C;2016-11-13;BPRAUX;230
3A89B0FC-9977-4FF6-A6B2-91AE0D168FD1;1990-12-31;BPRAUX;230
D698C919-8F96-4908-9794-7E94FBC4C880;1990-12-31;DJMEIO;500
BD647A47-459B-4481-92BC-9F34D9044F0F;2014-12-14;DJMEIO;500
CE80BE38-EA62-41E0-9A23-B701BB719304;2018-02-08;BPRAUX;230
2624BF05-3ED5-44F7-93E5-8DFF1CBBDBE9;2023-10-22;OUTROS;138
B9EA2DFA-D4D1-4A7B-AE67-B016338A08AA;1990-12-31;TRIPLA;345
125918EE-4CCE-4177-A086-BEEED0C2412B;1990-12-31;"DUPLA ";230
19F215C0-9EEA-489E-94E9-E5C8410E8D75;2023-07-03;DJMEIO;500
66E47D33-8F50-4FA8-96C8-4ECBD8B47802;2008-10-16;TRIPLA;230
3AA9BAE5-5478-4EAC-9B47-8ADF1CB0A257;2019-03-17;BPRAUX;230
CCA3F62C-3ECA-4F0D-9E13-740291ED19C3;2003-11-09;BPRAUX;230
EF701F11-B8AF-4832-8DBD-ABB7EABEAC74;1990-12-31;"DUPLA ";230
C9DA295C-FDC8-494F-8CD0-864EBF9A2BFE;1990-12-31;"ANEL  ";500
45B4C5AF-AD77-4D6E-A306-29B600B035B0;2007-12-28;"DUPLA ";230
3A171E90-2058-4BBA-BA24-0F764AB7ADBD;2003-03-04;DJMEIO;500
09B55CF9-E0DB-4D5A-8A18-E83FD35C5802;2022-05-23;"DUPLA ";230
40022EE1-B7D0-4DB3-B86C-62880F6F7616;2007-02-13;BPRAUX;230
A3F0913E-39A4-45EC-B7E3-40BB476D203B;2011-07-30;DJMEIO;440
70C65F87-2E0A-4FD2-A063-F87E064F9BE1;2012-03-31;"DUPLA ";345
9E3215DE-B13D-45BE-8785-E7EFD7DF04B4;2006-10-17;BPRAUX;230
80F74B56-E49B-456A-AA72-EE7EF373FAB1;2010-05-30;"DUPLA ";230
FE5E6CA4-8A0C-4EF9-8E1C-50B67AD61764;2014-11-16;BPRAUX;230
13510E1A-9690-4369-9442-4DA1C4ADBEEB;2009-12-14;"ANEL  ";230
C33CE1CE-EF0C-4763-853D-5ADE9D22023B;2014-03-19;DJMEIO;345
C1D7B3B2-D959-41C9-97B4-D1F5AA6E8617;2019-09-07;"ANEL  ";230
4F43BEE4-EE32-4363-BECE-ADB0CDC9381E;2008-01-12;BPRAUX;230
EEBB029A-143F-46FC-B3BE-BABBF68CF3C0;2006-12-18;BPRAUX;230
91952F08-612C-4D01-B499-A51C5D4A63A6;2016-06-04;"DUPLA ";138
DD6BB91B-D0E6-4032-8F4C-1D6C6471FE06;2001-06-30;"DUPLA ";230
98B781DF-4CCB-40B5-87E9-FA0B8D3C4B20;2018-05-08;"DUPLA ";230
0AF08811-0440-44C2-983C-AC2BBB85C7EC;1990-12-31;DJMEIO;500
3E2A058E-FC59-4E75-A86D-E8B1D3EB2EFE;1990-12-31;DJMEIO;500
33C64837-862E-4D62-8B39-E659102BE80F;2017-07-02;BPRAUX;230
F2B54665-CE9B-4376-9E79-3189E65F7032;2007-11-08;BPRAUX;230
254F228D-C6F6-48B2-B7FC-DD75BF4E652C;2010-01-17;BPRAUX;230
2890FA10-3AB3-494A-9979-3EBA965EFC67;2011-12-15;BPRAUX;230
2947A2FD-92C9-4582-8F94-09CAA38BD4C3;1990-12-31;"ANEL  ";500
6939EDE7-AB90-483E-9569-5D300FB6F6C9;2016-05-16;BPRAUX;230
8F6E3CDE-8753-48A8-82A2-F3C9DA2C96BF;1990-12-31;"DUPLA ";230
A7B8CCE1-0118-44BA-9392-9B46CB15E59E;2007-09-30;DJMEIO;440
65A025C1-444F-4856-870C-D631C3C1A59A;2015-07-04;"DUPLA ";230
D931B089-7749-4B86-B7B9-766ADA0C110B;2024-12-16;"DUPLA ";345
DF69803E-1C67-4624-ADAB-3F63B21E25AC;1990-12-31;"DUPLA ";345
15E070C7-6367-4FE4-9C7E-EA228076BB92;2019-12-31;BPRAUX;69
56C7011C-9798-4256-BB1E-023A5ECD44EC;2014-08-27;BPRAUX;230
B844FC6F-EF8F-42FF-92AB-06DE9BF9C2DC;2012-08-21;BPRAUX;230
51EDDA54-2C7E-4CBF-A0A9-01946FB3154F;2006-10-17;OUTROS;440
E5A62A8B-D42F-44E2-817F-5ECBCC83891F;2000-06-17;"DUPLA ";230
0A7E9711-8C7E-416A-869D-15FA72B625AD;2002-01-11;DJMEIO;500
F1ACDD45-7F87-4CDC-A972-21CBC8A9065D;2019-09-14;DJMEIO;500
E808587E-D5AA-4244-A5AF-DB648578235D;1999-04-25;BPRAUX;230
FD7E9A32-A7EB-4B3A-B2CB-B5EB87374171;2021-08-31;DJMEIO;500
60A33438-5964-424A-9A3C-B4A4D69048E0;1990-12-31;DJMEIO;500
6A3BC26D-9625-4E3A-ACD7-46E7225FD9CB;2005-03-23;BPRAUX;230
CAE06DB1-C28C-4DD7-8229-3FC558CC8FCD;2016-11-27;"DUPLA ";230
C58977FC-E817-45E6-A8A8-F3AF3EC2D644;1990-12-31;BPRAUX;230
9FC1C01F-67B5-498C-9767-59A59BDAC33C;2013-08-26;"DUPLA ";345
88466642-3067-427F-8CA7-378290AF3079;1990-12-31;BPRAUX;230
9E31BE67-A0C8-4797-AAE7-CEAD8350BE84;2022-12-22;"DUPLA ";345
AF87F62F-3C03-4D0D-9722-8060B5CB41B3;1990-12-31;"DUPLA ";230
53349B7E-CBF8-4090-A4CB-C5DE42EDEEDD;2013-08-12;"DUPLA ";230
C9567B67-6E01-40B4-8643-87BA3D0335EE;2006-01-08;"DUPLA ";230
0EBC7B84-5B08-4F34-AC76-BFE03BE79CE2;2024-06-28;"DUPLA ";230
5E0193DC-45E4-4A39-A181-2527641BCA71;2024-12-16;"DUPLA ";230
C0961F9E-19D6-4D8E-AECE-8E15D1E4D786;1990-12-31;DJMEIO;500
D39AC5D9-A1B3-41E7-8AE8-2D9B3351878B;2001-04-13;"DUPLA ";230
90390E04-CE6D-4CFB-9991-61729D467616;2014-05-27;"DUPLA ";230
8E4DB99F-E4AB-406B-9034-A5BF1E1665A1;2000-09-19;"DUPLA ";230
F0BE2E77-EABB-44C4-9A60-79EDF3CD87B7;1990-12-31;"DUPLA ";230
7557F0E7-2BAE-4289-8899-242ED9B3EE10;1997-02-16;BPRAUX;230
5F318A4F-B8BB-4B45-B26A-D75B9C8E4051;2004-09-30;BPRAUX;230
93CC4229-77D3-4EE6-A427-EB8D046F43DA;2013-08-09;"DUPLA ";345
11922B9E-E038-4CE8-ABE1-37C22C1B28DF;2012-08-20;BPRAUX;230
796651F4-2341-4804-915D-A592B87EC674;1990-12-31;DJMEIO;440
CBDE2D9A-4FBA-476B-8A6F-3BD26AC07A7D;1990-12-31;"DUPLA ";230
1A4B99DC-E3DB-470A-9044-B8C7FF877052;2024-08-11;DJMEIO;500
5976B219-558E-4D60-97C1-37CB026B0D81;2011-12-04;DJMEIO;500
49D98260-F113-459B-BD5D-136417B81C53;2019-01-26;DJMEIO;440
96C29E72-3A47-42C9-ADA7-07FF12C18ECF;2002-11-15;"DUPLA ";230
AE400705-ECD5-40E8-BD0C-EACA2712A65D;2012-12-08;BPRAUX;230
65E5D0F8-52B5-4A98-A61C-E26A92BA8A86;1990-12-31;OUTROS;345
0E5946F9-90B0-4BC0-9696-BA28B2584FDD;2005-10-08;DJMEIO;500
135779A2-0D81-4211-ADD9-341969F51C72;2001-12-30;"DUPLA ";345
9F234378-BB89-424B-9F5F-F8F3CA3AA034;2018-12-06;BPRAUX;230
35DD7336-6232-45C8-AC65-865B74AF82F7;2008-11-09;BPRAUX;230
47B23687-9630-4FD3-A667-184C83CB1869;1990-12-31;DJMEIO;345
56029DF6-E1ED-42ED-97A6-FBFBC73376C3;1990-12-31;DJMEIO;440
B0812993-F37E-4499-A0CF-346635825E82;2022-11-30;OUTROS;500
2877D2BE-ADF5-4E02-B930-7FEAE4EAC2E3;1997-04-09;BPRAUX;230
192A75CB-15E3-4478-8E6F-57D839CB8914;1990-12-31;"DUPLA ";345
20A69E41-B138-45F4-B805-694EF0C43A87;2015-03-31;"DUPLA ";230
E589611A-9F2F-43DD-B486-B63BD2FCA1F3;1990-12-31;"DUPLA ";230
CEE998A4-39A9-42D6-81E7-4FA37CF7086C;2023-03-03;BPRAUX;230
D06E1410-9C36-4BC3-85D0-4F18DDA1A6C2;2017-05-07;DJMEIO;500
E1C5CFB5-EFDF-4355-AF99-B7199F65F0AD;2012-09-23;DJMEIO;500
E50B28CD-CAA2-43B2-A05B-6EDC4F3DA836;2022-02-25;DJMEIO;500
3155C5B4-C6ED-4649-9E4C-8FF87F25F000;1998-03-09;DJMEIO;500
2D0CC930-23BF-467A-994D-7E1B7264918D;1990-12-31;BPRAUX;230
462C0070-90D1-47B8-B17B-FE1F0836461E;1990-12-31;DJMEIO;765
F885761E-B4E9-4892-966C-BF14A6414F79;2006-10-17;BPRAUX;230
312981FC-E0DB-4FC9-A22D-3FBF3758377C;1997-12-19;DJMEIO;440
0A516F19-B818-4F5B-9812-54A6EC55126E;1990-12-31;"DUPLA ";230
BA499951-FC9B-497B-A257-37CB581DB410;1990-12-31;"DUPLA ";345
0F4626AA-2E91-4390-B948-4686E8B3F4C6;2024-06-16;DJMEIO;500
556A3991-C410-4811-B60B-4FF7A80A1ACB;2011-10-18;DJMEIO;440
2B237092-E2D5-4546-9B3B-00032C042A74;2002-09-29;BPRAUX;230
32A76D07-F177-4B55-BD4B-878270ADF332;2022-03-17;DJMEIO;500
B34F4910-E39E-4D7A-8DB1-1F921964B5C5;2013-05-09;"DUPLA ";230
9D8FC919-9213-48A4-8913-B26BF7EDE3C4;2014-07-28;"DUPLA ";230
6545E4B5-126B-4F8B-99D1-D6A633A02B45;1990-12-31;"DUPLA ";345
3A2DF9C0-4CA5-4BB0-8F69-41E306415434;2012-09-23;DJMEIO;500
174492BE-3335-447B-B0B4-1436DF5F9F12;2014-04-07;BPRAUX;230
CFC05757-D065-4373-91F8-A452AB1F1396;2002-05-09;DJMEIO;500
BB67EE48-B027-4D81-83A2-3809F056824F;2012-06-03;DJMEIO;500
4CE9C71E-D028-4FF1-95B3-64E7F3D0B71C;2013-11-08;DJMEIO;500
E9EA01A7-51FB-4007-89A4-3B90EFB7F30D;2021-12-21;DJMEIO;500
B603BEBA-4D07-4357-90B6-856CED27A507;1990-12-31;"DUPLA ";345
5F9C4547-A81F-43B4-83D1-13C75F9A5B82;2022-12-12;BPRAUX;230
2189B5AA-6168-4CC0-B28E-DCBA48BC1489;2001-04-12;BPRAUX;230
3D02237E-52DC-48D0-A424-F9146A2FE717;1990-12-31;"DUPLA ";230
B15C85AF-347A-4C23-A1B0-16BF49F6793A;2016-02-21;BPRAUX;230
49903CB2-EDF7-4F70-98B8-E9C744BCE113;1990-12-31;"DUPLA ";230
B510BBF6-3B68-453D-B89A-D6DF249A471F;2013-10-05;"DUPLA ";230
7AB01D09-68D9-4089-96D7-3F01B0328BCD;2012-07-13;BPRAUX;230
792BCFB4-4F15-47BF-9D97-B18346DF05BB;2018-06-17;BPRAUX;230
26F11D4C-5846-41DE-B0C2-EEC7F41FBFD0;2000-04-30;"DUPLA ";230
703A4E81-90DE-4C1A-A628-96004C4CDBC5;2016-09-11;BPRAUX;230
D0F53A9B-B47B-4FCD-BEE4-D44CEA55CEDA;2020-12-03;"DUPLA ";230
283B275A-3D7F-4D6F-9327-8752BC9AE288;1990-12-31;"DUPLA ";345
8BB51D34-33B4-430E-B693-6CCC2F22F5B9;2022-11-03;"DUPLA ";230
089F8EF0-AC2D-4868-B833-05A867DBEF61;1990-12-31;"DUPLA ";345
3A31CD26-EBF3-4A72-BF18-3D76F55655FC;2013-05-25;"DUPLA ";345
91E99317-F64C-499F-AD57-260034B07F09;2016-04-10;"DUPLA ";230
23F740A0-66FE-4729-B02B-EDE286F0663D;1990-12-31;"DUPLA ";345
93ED9622-C4B5-4DF9-809F-49D53655E66A;1990-12-31;"DUPLA ";230
81E7573E-370D-41FF-94AD-2CF63FD8095E;2016-09-11;"DUPLA ";345
F19B40CD-A10F-4673-8DC8-69FA5F18182E;2003-10-05;DJMEIO;765
98BAFF66-96A5-46FD-AEEB-947E869F99D9;2011-11-23;DJMEIO;500
47385182-ECF8-458B-B139-DD5CC20E28E6;2001-09-19;"DUPLA ";230
AE68AC8E-69DC-4AD3-8551-EBB9F9D71F93;1990-12-31;BPRAUX;230
C3F611C1-25DF-46AE-B06C-114862138B82;2023-03-10;DJMEIO;345
3915581C-6D6F-45E7-B556-603E272C0F03;2021-02-25;DJMEIO;440
5ACB72DB-4E4E-42E7-9253-6DCD965927CD;2013-09-29;"DUPLA ";230
F9BCC417-ED7C-4E4C-AC1A-C1735F2A828E;2008-10-31;"DUPLA ";230
D28C46DC-BF3E-41DE-AD8D-98E577997D49;1998-11-02;BPRAUX;230
E4E31BBF-8D77-4DDB-A964-B07912693386;1990-12-31;"DUPLA ";345
E6464C40-4171-4D14-B258-96BD51732EE0;2013-07-19;DJMEIO;500
A1FC7D15-7B15-4289-9817-CB7434B9ED25;2018-04-11;BPRAUX;230
9CAF453B-F121-408C-9BA8-1B544FF2CDDF;1990-12-31;BPRAUX;230
2F6DA7D1-915A-4335-B0EF-1B35C34A0E1F;2019-04-17;"DUPLA ";230
E345B333-A917-4E07-B06F-69340FD89087;2019-06-09;DJMEIO;500
AD25229F-6579-44E2-BF43-AC29981611E0;2017-12-17;DJMEIO;500
49D2D922-82B3-4127-A08E-B7B2B5C2588D;1990-12-31;"DUPLA ";230
B952BE16-2028-45C6-8A6C-F90063BF8DA3;2014-01-21;"DUPLA ";230
730975BB-1E09-4FC7-A169-C4AD051BA7C3;2016-09-04;DJMEIO;500
1C0E435A-C134-4347-89B4-E66983185C67;1990-12-31;DJMEIO;500
92ECC55D-ED45-4166-A5B8-EACD1562041F;2012-09-02;"DUPLA ";230
822231DC-09F1-428B-A704-46FC74A68F2A;2006-12-03;DJMEIO;500
3AA438F5-B9FA-4DB5-ABE5-0FCDF077797C;1990-12-31;BPRAUX;230
452330AD-2F39-4C09-B014-3E21FDCF4046;2025-02-12;DJMEIO;440
C13CA763-0AA5-493F-BB21-60C6094CEAC1;1990-12-31;"ANEL  ";345
2FFCC62F-4FEF-4B9C-ACB6-A1EFCDD68B58;1990-12-31;DJMEIO;440
B9AF7179-5388-49FB-A4F6-BACF792F555B;1990-12-31;BPRAUX;230
0E1EFDA6-4CFD-43ED-941E-2236A69EE917;2008-03-03;"DUPLA ";230
9C6ABA26-3BA6-453C-89DA-225A58494EF5;2024-06-23;"DUPLA ";230
2BFC78EB-D465-421A-804C-F758F59776B7;1990-12-31;DJMEIO;500
EE323BF7-DFDE-4CF6-9557-60ACB23A6E6C;2014-08-18;"DUPLA ";345
50407294-CFB1-4B51-9BAC-CA1E4E222106;2020-08-20;"DUPLA ";230
237221B0-4D26-443E-A990-4A458A0E1B0E;2021-05-23;OUTROS;230
75360B96-86FA-4D7B-BFB7-431A3C4D9D0D;2024-06-16;DJMEIO;345
14BEAC7E-9296-44CC-9D7A-24892B1FDEDB;1990-12-31;DJMEIO;500
20EC2CBC-C6A7-403B-ADC6-1A560025E4E4;1990-12-31;"DUPLA ";230
336DA11F-9E69-4F24-A98B-05D713991A6B;2022-12-21;"DUPLA ";230
47ED5567-2313-4A87-B35C-774542F6E400;1990-12-31;"DUPLA ";440
51F67213-28DB-4C56-8826-D9B8552B56A5;2017-12-29;BPRAUX;230
85BA9BE0-A063-41CF-8A8B-6F55EA4FBDF6;2023-03-15;BPRAUX;230
67DB43A7-C55F-4065-8527-A93E6160DE6B;2019-11-03;"DUPLA ";230
AFF299B1-0349-45C4-9D74-9ABA3BCA105B;2013-09-14;"DUPLA ";230
78600FF0-ABFF-4154-87B9-47180890E6B9;2017-10-29;"DUPLA ";230
0D2A5155-DBEC-439D-A275-E3705BD72AA8;1990-12-31;DJMEIO;230
DB3C99CD-9393-4AAD-B2A4-05740DFA76D1;2025-12-14;BPRAUX;230
508E3286-B2CC-4151-8711-C32B9E97B6C5;2007-06-10;"DUPLA ";345
5DED95B0-E8F9-4EDA-8695-40B4917BA061;1990-12-31;DJMEIO;500
0EC04EA5-F77E-4D6D-8583-EE00C9E5B9D0;2018-03-11;DJMEIO;500
C2127EBF-00FE-4E9F-B978-E53A692AA9AD;2015-02-15;DJMEIO;440
31233CF7-B98C-421C-BC39-314064817E1E;2014-12-17;DJMEIO;500
AFFD3861-8CE7-4386-B3CA-B427D9CB71FD;2002-09-27;BPRAUX;230
3EFAEA8A-BCCD-489D-BCC0-821E6C29F878;2025-11-10;DJMEIO;500
A6B9150B-39CC-43C1-BD6B-14A8BBC14DB4;2008-03-17;DJMEIO;440
F059AF20-A1E6-4084-961A-8C9AF508F85C;2021-02-02;DJMEIO;440
06B0E02E-A74C-4F9F-945B-0397916C946A;2014-06-22;"DUPLA ";230
123DA990-7674-4A6B-9D4F-61A9223F8AF1;1990-12-31;BPRAUX;230
8EC1309B-7A39-4510-B425-A85B6984B741;2019-02-17;"DUPLA ";230
45BD2F42-F612-46C5-91AE-7340948897A0;2017-01-20;"DUPLA ";230
954A1AEE-2A12-4D99-A1B2-A583D6155930;2018-02-21;"DUPLA ";230
8361C020-2620-4529-B0A0-03C216F6FA9E;2016-04-29;DJMEIO;500
5BF57D13-AAC5-4B0D-8BCB-F2CA28DF0CB1;2020-01-18;"DUPLA ";230
221573AA-43DA-4D40-ABBF-84545988447F;2002-04-04;DJMEIO;500
5F2943CA-E070-4A84-AE21-4DF654FBACE4;2016-10-23;"DUPLA ";230
F4B22715-8AD5-43E3-9B1D-CEB6AA6B186B;2022-09-01;"DUPLA ";345
FEB0DC7B-70AE-4770-A41D-63203CDEC0D7;2013-05-19;"DUPLA ";345
6BF8DCB5-9A56-49C5-8472-B5BEF5B15078;2017-01-15;BPRAUX;230
E946F0DA-6E00-490B-A0FD-2C018F732C83;2010-07-28;DJMEIO;500
88FBCAD3-5D91-4ACF-BEF1-4552774DC1B7;2025-10-24;BPRAUX;230
B5BA0E46-F802-497F-8FB4-5A3B2AD78CAB;2014-04-06;"DUPLA ";230
1EAE67FA-5497-4F17-BD60-E50D2108D271;2016-05-22;BPRAUX;230
758E6981-F6AE-4472-A222-EF7502F0AF06;1990-12-31;"DUPLA ";345
222B2D58-B4E6-4608-A993-EE22E726CC11;1990-12-31;"DUPLA ";230
C947BAAB-68EA-467B-A2EB-3B6CFA782789;2018-05-04;DJMEIO;500
528A33E0-3710-44BB-ADBB-31CC96707FD7;2023-01-29;"DUPLA ";230
6BCF5FA9-D936-49A4-956D-17D01F084F47;2010-09-05;DJMEIO;440
1396E67C-1FD6-42AD-8CDA-88D91DA2D0CD;2014-07-27;BPRAUX;230
08B439BD-C31C-45E1-BF75-FB72C43AC8EE;2016-11-09;"DUPLA ";230
295C66AE-7C82-4E81-A5DE-E9DD0818BFDF;2015-03-16;BPRAUX;230
168B55CD-3653-4846-B11A-2C029F97E6BE;2021-12-13;"DUPLA ";230
56A6E8B4-5CB0-4FC6-941E-80CF6B752D5B;2021-03-13;DJMEIO;500
1ACDD6C6-89CD-4DE8-8308-D72D65051964;2021-12-23;"DUPLA ";230
14D77E1B-0EE7-473C-9AA3-62DDBF2A4431;1990-12-31;"DUPLA ";345
9DED6C01-5F39-4D14-ACAD-AAB508EEB6BA;2013-12-15;DJMEIO;500
48C35BFD-4DA0-43C5-92DE-4AEC3E5D6D0A;1990-12-31;BPRAUX;230
72E1682D-34E5-4D99-BC5B-72D1DA524E78;2016-05-16;BPRAUX;230
43D48296-363B-493B-97E8-135A4D2D738D;2008-12-27;DJMEIO;500
AB7E6766-7227-46CA-98D5-764CA6CF4552;2012-02-11;DJMEIO;500
6D874067-376B-4E91-8E62-6A1F26BA7EFE;2012-05-30;"DUPLA ";345
E88FEECA-C31D-40F6-9CFA-EAC22B9C9885;1990-12-31;BPRAUX;230
5EC7437A-A15B-4E3F-A4C6-D452BC4F5234;2024-12-20;BPRAUX;230
B3276020-5E5D-4551-8248-24160FE39953;2011-12-28;"DUPLA ";345
91DD3FA9-4DBB-436F-895C-F1C6C1DBDAD9;1990-12-31;DJMEIO;765
DCB79EDB-51DA-42CC-8D88-BAFDB7C9D1F2;1998-05-24;BPRAUX;230
41E5118C-A42B-4BDE-AB32-9C3566EDAA39;1990-12-31;"ANEL  ";345
55FC5510-5348-4FD2-B755-C17BB5DDE25F;1990-12-31;BPRAUX;230
56C72817-7EEB-4404-A234-6C6D0755A29D;2008-10-31;"DUPLA ";230
C505FE32-41AA-4382-8989-6883FD0BA9F6;2015-11-24;DJMEIO;500
A247B87E-89B6-40DB-A582-6C1219A43347;2003-03-04;DJMEIO;500
84A3DB08-E6EA-4D2B-A671-02A8B2D6C633;1990-12-31;"DUPLA ";440
D3573AEA-0C75-456D-962E-55892348EF0E;2004-05-16;BPRAUX;230
7EBA0E3D-E744-4672-BD7B-86F0F3BF8B56;1990-12-31;"DUPLA ";230
26245C96-2CD6-40BA-8241-3769DFA5D8BD;2023-12-17;DJMEIO;345
B8553E8A-AEDB-4CAE-AE4A-3F3CFC08026D;1990-12-31;BPRAUX;230
76E43C8C-544B-439F-AF27-2FC492938676;2011-04-19;"DUPLA ";230
410F273B-56EE-477A-8190-71177633F867;1990-12-31;"DUPLA ";345
999B1355-80ED-477C-B0DB-57F491662D00;2017-08-01;DJMEIO;500
999FFCB6-B610-4C8A-98E9-7D40808E8F06;2024-12-08;"DUPLA ";230
B3A5AEE1-A2D9-40D9-B866-178D0D703D27;2024-07-16;DJMEIO;500
A47D7EBD-BF11-450F-9725-C86375E38DEA;2024-10-21;BPRAUX;230
A7294F99-D0EE-49B8-90CF-85455254D4D6;1990-12-31;"DUPLA ";230
0A50ADC8-70FA-41B2-96B3-B4CB799000D9;2017-03-26;BPRAUX;230
8CD521A3-0C86-4E2F-982F-98BEE1A214AA;2003-12-23;DJMEIO;345
9C75526F-F996-4B7C-B82F-8AB30EBC0F6F;1990-12-31;BPRAUX;289
62E7B5B8-FA81-4B52-8CB2-EE7D19382A7F;1990-12-31;BPRAUX;230
EC098375-B938-4880-A7C8-4EB8C297FC03;1990-12-31;BPRAUX;230
3996F15A-47A7-465D-BFB8-20FCC40CC39E;2022-10-11;"DUPLA ";230
A212072B-32B4-49B4-ABBC-CF03C659F7E3;2014-12-10;DJMEIO;500
E4C6B277-46F2-497F-9115-2465A88659BF;1990-12-31;"ANEL  ";500
7C9FD8ED-0444-44C5-BE90-4A54401B42F9;2015-09-01;"DUPLA ";230
EE841AE0-E322-4F9E-B5AE-4FBBD603E57C;2012-03-22;DJMEIO;500
3851D4EC-7685-4C83-A34B-CDA4C8243E2D;2006-03-01;DJMEIO;500
056D6EC5-21CC-4C5B-B7CA-3D38576A0279;1998-09-23;BPRAUX;230
D25583F6-FEC0-4046-B2BD-EDC9B903B6C2;2013-09-27;"DUPLA ";230
4B87FBD1-5119-4F64-A8B0-56EA6844A1B4;2011-12-04;"DUPLA ";230
63EFD9D9-EEBA-49B7-9A49-02D344868BE3;2025-11-10;DJMEIO;500
1B81C6A7-3250-408D-B086-33D52FB8FBA9;2018-08-29;"DUPLA ";230
0F17F090-0884-4740-829A-4C37996ECB61;2021-03-17;"DUPLA ";230
C04FEE63-ADE6-4FDF-A858-A00078197C51;2021-05-23;BPRAUX;230
3CF93F4B-5D55-4CE2-BC88-3C72DE853BE3;1990-12-31;DJMEIO;500
C852126A-A2BE-436B-B7D3-A12C44115ABD;2011-06-15;BPRAUX;230
458C9317-2ED9-4E0D-A157-FEEB84349913;2000-01-08;DJMEIO;500
D61AD443-F61E-4E59-A4AC-C0A5AF47F6E9;2012-12-16;DJMEIO;500
25AA28D4-530C-487E-B23A-4B36DA7B0D2F;1990-12-31;BPRAUX;230
E1656FE3-DAA7-41A4-B529-23A70618047A;2018-02-18;DJMEIO;500
13DF5815-4243-46F0-8103-8D9B28746CC4;2017-07-02;DJMEIO;500
B974679A-1ECF-4E81-BA23-1882B09D8C39;1999-09-25;"DUPLA ";230
BF5709D0-85AF-4054-9BA6-4847386CD54A;2022-11-30;"DUPLA ";230
3F8CB57D-232F-4AFA-8982-21F12C598ABA;2012-10-21;"DUPLA ";230
C129B3A2-C318-4389-9EC5-F6DAFD5593FE;1990-12-31;DJMEIO;765
B958F294-B632-4375-82AE-0CBE6CBAF442;2023-01-22;"DUPLA ";230
9664692D-2042-40DC-A05E-28893CF7D0BF;2014-08-25;"DUPLA ";230
5C4DB19D-9BCD-473F-B857-7118091B3580;1990-12-31;BPRAUX;230
1F170920-B265-4766-B927-DAA65F95640A;2005-05-05;BPRAUX;230
0D0A767F-EBB4-4406-B84D-335B96C1D7AE;1990-12-31;DJMEIO;500
E1B23343-11EE-4D06-B68E-1C6E37035CB4;2013-02-07;DJMEIO;345
8E7EEB14-88C7-4566-AB9C-B7652DCC1FF8;2021-05-02;BPRAUX;230
4DE3157C-A45C-4533-ADE6-753F54E1D0D1;2001-04-22;DJMEIO;500
5859D661-EAE9-4855-8537-DF33D4EC934C;2019-03-18;"DUPLA ";230
E4DDABB0-5441-4865-8C23-A2516C0A5149;2020-08-24;"DUPLA ";500
0E41E983-C12B-4075-BE2D-46C19AFCC1C7;2019-04-03;DJMEIO;765
0F938D37-20F0-41B2-8539-C48E24236A39;1990-12-31;"DUPLA ";345
A813927B-ADCC-4F53-9034-AF9AC78B3F6B;2023-08-27;"ANEL  ";345
48820C0E-3CCF-4017-8A83-4D510210E544;1990-12-31;DJMEIO;440
69B934B9-23D6-4AE0-9FFF-FCEEC30B599D;1990-12-31;BPRAUX;230
D09194E5-090B-4E02-B4F1-DF1660B32E3C;2004-06-27;"DUPLA ";440
F0E862AB-F49F-485A-89DF-A6CF42B265E0;2000-05-01;DJMEIO;765
8E05A8A5-DD1B-4B13-92EB-C31DC70FEDE3;1990-12-31;BPRAUX;230
7D79BF7B-842E-4995-BE09-FD1FD3655FB3;2023-04-27;"DUPLA ";345
1C285E62-A053-48E3-9F57-B8FB2791E2DC;2022-05-21;OUTROS;230
F1B45926-7AE0-4CA1-B40A-C46260188C67;2021-09-04;BPRAUX;230
7E4E7B1A-B727-4786-AD49-75E4949A0932;2001-12-30;"DUPLA ";345
96D134A8-2554-40C7-A6FA-2CE6F76BC128;1990-12-31;BPRAUX;230
29A38419-1EBD-47A7-9E93-FAF29C4D415A;1990-12-31;DJMEIO;500
702910A0-BA44-4766-AA67-D86F6A3B3F99;2005-07-03;DJMEIO;500
EA9B4423-F67A-4115-A93E-97EE9843D486;1990-12-31;"DUPLA ";230
667BD908-B879-45F1-BD32-7F82F4C5E358;2017-07-04;DJMEIO;440
7A0D8C02-A584-4215-9DBC-2D8329900CC6;1990-12-31;"ANEL  ";500
AEA2D23E-9BE7-4555-B4E4-220F5AABFC92;1990-12-31;"DUPLA ";345
5A4968D3-4F8F-4884-B729-C3F532CB9B58;2014-01-21;"DUPLA ";230
CAE19294-B1D9-46C0-ADD6-2B699443BDB5;1990-12-31;DJMEIO;230
FB16BEB4-78CA-4B11-85AA-16C4F7B384FD;2011-11-01;"DUPLA ";230
FB435CCC-49EC-4293-9E12-8848430AB34B;2015-07-18;"DUPLA ";230
4E406B15-0671-40D0-BD75-9BEC1D8FB8BB;2011-05-15;DJMEIO;440
3287E045-CC5A-44F5-89DA-DCD69DA1E5F1;2007-09-02;"DUPLA ";230
E4620871-1E6B-4F9B-A1AD-BA312DA2991A;2002-12-05;BPRAUX;230
1CE56AEA-BF03-4F9A-95FC-818D504DE34A;2019-02-17;"DUPLA ";230
7FD4D90D-20B0-48CB-BA23-936982304829;2012-01-18;DJMEIO;440
51C9901A-7D43-453E-AF50-3B8251DA3D54;2023-06-12;DJMEIO;500
690D4FD0-C958-4078-B99D-B805ABC80E41;1990-12-31;BPRAUX;230
335C0ACD-5064-49CF-874F-A665F861F7AE;1990-12-31;BPRAUX;230
C42E7BCE-B693-4075-A043-8BAD0FAEF6E9;2015-07-10;DJMEIO;500
38238D1F-2E54-4556-A09D-2389F9AEE16E;2012-08-20;BPRAUX;230
A44CC9FB-6BF6-42FA-A9DA-43CBD87F6A08;2024-07-22;"DUPLA ";230
9DA0A802-E704-4C2F-AC5C-FBA1233EAD9A;2000-06-14;DJMEIO;500
37B802CD-A714-4468-8211-FC89C5384BB7;1990-12-31;BPRAUX;230
40BD559B-B854-4802-AAB1-3084DCB120F9;1990-12-31;"DUPLA ";230
BC3612ED-EC0E-4454-A9E6-597BD5A7AF56;1990-12-31;"DUPLA ";345
552652D8-4570-4DA8-A1B0-E419BC77A04B;2002-06-01;DJMEIO;440
6C0CB2E3-7484-4778-9DF5-1570E497B587;1990-12-31;"DUPLA ";345
17A853F8-A8CE-4A1D-AE94-32AF6BC42736;2008-04-27;DJMEIO;500
BBB6A57C-8FCC-4797-A32B-C607596EE51F;1998-05-05;BPRAUX;230
C54CE7F4-0609-4E82-ACE8-41E113F04B46;2024-12-21;BPRAUX;230
607B267C-54D0-4206-9517-FE3935888926;2008-06-16;BPRAUX;230
0D64E8E7-5C77-4B76-BCBB-E9DC376AFAD8;2006-04-23;DJMEIO;500
1D9ED9B6-C222-46DE-B61F-13738452DF11;2019-03-11;DJMEIO;500
66D9C403-3113-485F-BFE7-C5B5AFCB1D83;2003-01-31;DJMEIO;500
93132377-10BF-46AB-B748-AE3094FFF34C;2012-09-30;"DUPLA ";230
D67E77B7-40F0-4C8E-A09B-FD42FCDD03F1;2021-03-17;DJMEIO;500
B3AE58AF-D117-41E1-B509-AB12BD5D8F84;2021-03-25;"DUPLA ";500
385D0432-7208-4080-8224-C6B79E54406D;2012-08-28;"DUPLA ";230
85FB3038-427D-4E5A-9C5C-56E9B64A6AC4;2020-06-16;DJMEIO;500
BA6B93E6-32D4-4904-BE4D-AB3B5635BEC5;1990-12-31;"DUPLA ";345
0929FEE4-99CA-4E47-9961-7725857D46B1;2023-04-04;"DUPLA ";230
159FC4C3-805D-4FC4-9FE2-91FF028BA0C4;2012-11-19;"ANEL  ";230
A183AE88-0CCD-43E3-9CFD-1C22EA5B9BFC;2025-05-30;DJMEIO;500
2A44B059-4961-4BFB-AE93-36214ECB6718;1990-12-31;"DUPLA ";230
55AE5DBD-8F36-4635-B56A-191A5A142912;1990-12-31;BPRAUX;230
C4B816A6-01D9-49D2-9464-EE4D11138AFE;1990-12-31;BPRAUX;230
BD959831-3BDF-418D-AD85-DA021C5F8822;2010-12-09;BPRAUX;230
4EC99980-7AE9-4198-A8EE-8F5D45187CE4;1990-12-31;DJMEIO;500
14AB8259-78C6-428F-9729-CBCC512979E2;1997-10-11;BPRAUX;230
FD4C51BB-D7BE-4399-A257-91CC3787DE7E;2006-08-24;DJMEIO;440
79BE139F-AB21-4F01-AFBF-B966A7F65F35;1990-12-31;BPRAUX;230
951EF7D8-8780-48A6-98B0-90BC0148854F;2003-06-01;"DUPLA ";230
195D4A28-7382-4A32-9F2B-BDDC68B010A1;1997-09-12;"ANEL  ";345
D4C6545C-E04F-44FA-A5E1-F4FF96372DE4;2008-02-24;BPRAUX;230
4D2A2F97-7674-4BC5-832B-0C7D8D9BD081;2002-01-27;BPRAUX;230
353B1324-0EB2-4EDB-BB3A-B5C518F87B68;2014-01-21;"DUPLA ";230
32C858E9-875B-43D7-992D-62985F5ADA2F;2014-08-27;BPRAUX;230
FB912600-0A28-4998-A9DE-4B1CA9AFC007;1990-12-31;DJMEIO;345
37269223-9280-4724-8C43-59E4154D0EB4;2015-04-29;BPRAUX;230
C7E215A2-2BF2-4BD2-889F-D3F55755D736;2001-10-07;BPRAUX;230
D7226C0C-05E0-4A38-8ACE-0DF171DE1DF7;2013-12-11;"DUPLA ";230
1C3CBB2F-4D26-49E4-B33F-736EB1D4587E;1990-12-31;DJMEIO;500
197B52E6-8B04-4F65-A492-9B84CD190EC9;1990-12-31;DJMEIO;440
F23D9E97-D7AD-48C5-848E-EB3BE56A2D84;1999-01-17;"ANEL  ";345
7DCBA3BF-C461-43D2-9388-494393ACD18C;2017-05-28;"DUPLA ";230
8E599CFF-1A47-4F5D-8C3D-4D9DE9F29F6C;2021-12-21;DJMEIO;500
5AAAA079-9B8F-4E03-8799-8BFD262DA47A;2019-12-31;BPRAUX;69
F8D8B824-1D6B-4827-9884-6254A2C7CF5B;1990-12-31;"ANEL  ";345
2B187E80-8A1A-4948-8BD0-A7153C49F0CB;2023-01-09;OUTROS;230
A84C30F4-9736-4403-AA25-3BED51DC5A2B;2003-04-28;"ANEL  ";345
5C9BE7A7-AA37-485B-909B-00F453F9CE90;2014-03-29;BPRAUX;230
9E7D8206-B9AA-4402-B6B1-BD01C6880C60;1990-12-31;DJMEIO;500
3697A454-05B7-4A7F-9EFD-A7C6EC7A63BF;2002-09-30;BPRAUX;230
7A158859-C4BD-4450-B4B5-75650AFC04FB;2013-10-12;DJMEIO;500
86A0511C-438D-4C45-93B4-5CA8959ACC25;2018-12-23;"DUPLA ";230
CE8A429F-C0C8-442C-8ED8-62FA0BE76EEF;1990-12-31;"DUPLA ";345
1EFF23EC-E7A0-4535-8747-37BC6B2B0CF9;1990-12-31;DJMEIO;440
DD62E7B5-6E77-446E-BD93-B8D728F05646;1997-10-13;TRIPLA;230
08EB8303-7573-4051-A6DE-AD9898401BF8;1990-12-31;BPRAUX;230
5C0A84A2-ACFF-44F6-BD8A-DDA8476E0243;1990-12-31;BPRAUX;230
B372A68C-1DA1-4CC9-8D63-0DF99DDCEBE9;2006-02-06;"DUPLA ";230
2246E459-92C8-4031-A2E2-7B0A5D166EAA;1990-12-31;"DUPLA ";440
D3CE6410-E249-437E-87CD-BAB7A359B7FB;2014-03-13;"DUPLA ";345
91FC46BC-EAEC-420E-90E7-8B9EB6FDFB6A;2020-08-24;"DUPLA ";500
645D282B-61B4-4513-B5F7-D2A9D16695E7;2007-02-13;BPRAUX;230
022B9D83-1EE0-48A0-AF7C-E057A504F1D9;2015-02-08;"DUPLA ";230
672B6ADA-B729-4284-A6B4-39D5B4F69203;2025-09-25;DJMEIO;500
9ADF1D5F-5918-4C45-9473-FE6880E5EA89;1990-12-31;"ANEL  ";500
B9A7AC63-0F8C-4A5C-A032-1EFCCDC25ADA;2024-02-28;"ANEL  ";230
F4E603C6-F513-47F8-BAB8-89A5EDEEA250;1990-12-31;BPRAUX;230
BD438B48-65EE-42A9-8504-2CA87CE3D9BA;2003-03-10;DJMEIO;500
3E5F5EA7-229F-43C5-ACB6-31BB16E119AB;2009-12-14;BPRAUX;230
CB739177-12CB-41DD-8CF4-5B37A7E1C906;2012-12-17;DJMEIO;500
9E62F979-A179-4F88-86E7-38ACA676731D;2015-09-27;"DUPLA ";230
720C8CBB-10A6-4A55-B307-BD54DC897475;2011-12-19;"DUPLA ";230
21E6288E-F54E-4B81-A4F3-0B50E6D52145;1990-12-31;"DUPLA ";230
CCB3457B-F244-4A1E-803A-AC30C15C9135;2019-10-27;"DUPLA ";230
1A17FB4A-5F58-4C7D-BF39-6C6911CEFE88;2013-11-20;DJMEIO;345
E7C975C1-526E-4E0E-94D3-6A9ACC47F556;1990-12-31;"ANEL  ";345
8D099868-8322-4ED7-B0AC-732C59DF4466;1990-12-31;"DUPLA ";230
43310AF9-A91A-4A1E-B1EA-3AB22FD0600A;2022-07-14;"DUPLA ";230
92318A20-6162-48D2-8FF9-E096F80EC4CA;2013-10-05;"DUPLA ";230
1D8C85DB-215C-4A9B-95F8-CFAAF8B7FF81;1990-12-31;"DUPLA ";230
32369048-1F6A-4C9F-ABFB-7778EDF9E872;1990-12-31;"ANEL  ";500
11F11A16-C2CE-47F1-9C82-BDB79130A408;2011-12-28;"DUPLA ";345
A001F69E-136B-4677-A604-BFCD09CEAF73;2014-11-02;BPRAUX;230
DEDF2C8D-203D-46B8-AA25-2DC6F0A3ED75;2011-08-13;BPRAUX;230
1A9B0851-50C5-42E5-83C2-55BC5588285B;2017-07-02;BPRAUX;230
A36BFD2A-F7A3-4F18-89A2-9C3BBE26BE72;1990-12-31;BPRAUX;230
612A09FC-6A8A-4303-A78E-87F7616EC271;1990-12-31;DJMEIO;500
CAC86566-186F-445F-8D6B-5F9C9B7998E7;2019-07-03;DJMEIO;500
74F518BC-6301-4C64-A447-7F5D7D314F82;2019-06-25;"DUPLA ";230
763B8726-F3DA-4386-A9DC-DD1ABFD5005B;2021-03-17;DJMEIO;500
0D0B09B9-5288-48F2-8CC9-56475F27ABF0;2019-06-30;BPRAUX;230
4F299892-5A7B-46C9-9776-EF49E2EC385B;2013-04-15;BPRAUX;230
8DDC5086-1AC5-4E69-9E58-5B0798DF3901;2015-11-23;"DUPLA ";230
0103621A-B5FB-4EAF-B661-5933B9E2990B;1990-12-31;"DUPLA ";345
39792953-EFB1-4EE9-86F6-C318FBFA1550;2024-11-04;BPRAUX;230
C3ECB37A-111B-4258-BA51-B70E4D7FD316;2017-07-02;DJMEIO;500
5ACB4C39-0501-4B0F-B92D-F4D32196BFA8;2009-09-24;"DUPLA ";230
0DB51A8A-4907-4EAA-9E2E-1EA4B14D04FB;2022-08-28;BPRAUX;230
039F4325-748B-4AD3-856B-A4107D4F9B4A;2013-11-12;DJMEIO;500
7A2E33FB-CCD9-484B-A45A-D606B7718AA8;1990-12-31;BPRAUX;230
BD1E5AE5-A8F9-4859-95B6-CF29DB31498B;2011-12-11;BPRAUX;230
90C243BA-1C52-45AB-926F-F3E63FF62CA0;2014-07-16;"DUPLA ";230
A873313E-28D4-427B-A9D7-CDAAFE189971;2013-11-05;DJMEIO;500
50F4C3E1-66C7-47EA-8E7E-AA173597A0BD;1990-12-31;BPRAUX;230
6AAB6026-ABA0-4B4E-8E70-853E097CA073;2022-05-21;OUTROS;230
183F635A-7D31-489D-8B9B-0140D4625984;2012-03-29;DJMEIO;440
7F340B6C-D32A-4F8B-90CD-C862EEA99414;2023-03-03;DJMEIO;500
D6471B2A-9253-4B30-95B0-32699A51325F;1990-12-31;DJMEIO;765
B49E420D-017F-45B2-AD09-690BB04224C5;2019-04-01;"DUPLA ";230
FCFE37C8-7C41-4533-8EC3-C1D377BA22B5;1990-12-31;"DUPLA ";230
9DFB9A62-BA5C-47A6-93DD-FA0CE49F59FF;1990-12-31;"DUPLA ";230
87590A23-C0F5-4AC5-AD1B-19AA71EF7F7B;2022-08-14;"DUPLA ";230
0FEAB975-926F-4BBC-98D3-89BE8924FB20;1990-12-31;DJMEIO;230
68AA5796-52C8-484F-9DCB-DB5E8835BEF9;2006-09-29;BPRAUX;230
E647C5AD-F118-4F53-B710-2FC7C9BC8096;1990-12-31;BPRAUX;230
E4F0D14F-8944-4C02-BC15-E8EC2E96B87F;2021-12-21;DJMEIO;500
08B98F4E-B5D2-41BE-8170-FD13A74212B6;2004-11-30;BPRAUX;230
54DF2AC2-08E8-4796-9F51-0AE512D10818;1990-12-31;BPRAUX;230
F21D382B-46AC-4A96-9C63-95FD7C9CE1AE;2012-06-03;DJMEIO;500
94B0146D-48B4-491F-933B-B7D9DF0E074E;2016-01-29;"DUPLA ";230
000D19AE-90F4-4E04-AE7D-E5CF952562D1;1990-12-31;BPRAUX;230
78AC9471-AC70-4BEB-8641-A51A07FE0B39;2008-07-06;"DUPLA ";230
237A5DCE-58B2-45C6-BB33-140395E78921;2006-04-10;DJMEIO;440
7AB02050-BE16-4E86-99CF-7FBFB7D8400E;2017-12-03;BPRAUX;230
E020129A-E1B9-4C74-A2BA-9A2EAC5E43D8;2017-02-19;DJMEIO;500
6085C67E-1F01-449C-B43B-43ED266AB867;1990-12-31;BPRAUX;230
D9479808-04FE-44E0-BD50-049346B3FE38;2017-08-06;BPRAUX;230
2DA285B5-C033-4B53-A60D-0A7E6ECE1674;2015-05-17;BPRAUX;230
4A7D9253-FDDD-405A-B7B0-ACECFA3C0672;1990-12-31;"DUPLA ";345
97B4875D-4F06-43E7-9012-5A11B0C82ADE;2013-09-08;"DUPLA ";230
2FDF257B-B499-4681-AC67-D61934D29759;2014-05-27;"DUPLA ";230
2E9AD20F-FC82-4CCD-B899-1668319A610F;2009-11-23;"DUPLA ";230
705149D9-EC34-47C5-AE18-70CA66BB30E4;1998-03-21;"DUPLA ";345
A96BEA97-ED58-4E41-A8CA-51A4EF1D2650;1990-12-31;"ANEL  ";345
A805F55E-8340-4A1B-B342-62A243DE1527;2022-03-28;DJMEIO;500
B98E9270-B97C-45C2-9351-B30785B414C4;2024-10-13;"DUPLA ";345
5892C982-419F-4265-98B7-6CD0D7C0F2CA;1990-12-31;"DUPLA ";230
7E1FF200-9640-48B3-9D6A-480E4A296740;2012-07-03;"DUPLA ";230
39A868D5-CF3F-49E1-9798-927E95D83E24;1998-06-06;"DUPLA ";230
5CB4CBE4-6402-4AE7-B3DF-98CC6BB720D3;1990-12-31;"DUPLA ";230
0C85AD71-ABBB-43F0-A0A1-43436145C921;1990-12-31;BPRAUX;230
87192324-493C-4DB8-9CA3-A519F745E6ED;1990-12-31;"DUPLA ";230
AFA767E0-ADC2-47E6-8265-041F5856400B;2009-04-05;DJMEIO;345
E1A8FA71-2D4E-4C7C-8B97-8BBD0C91DA38;2018-11-09;BPRAUX;230
8A0188AC-39B0-4F80-9F94-B06A743028BB;2013-10-26;BPRAUX;230
66E888E2-5EF7-46A2-8D90-4C7EFDF1C081;1990-12-31;"DUPLA ";230
B86D9233-90F3-44E4-A9E8-78D2E0B1DC5A;2011-10-12;BPRAUX;230
734B1ECC-26C4-47AD-80EC-DCFF57342D09;2007-11-08;BPRAUX;230
8CA5C88C-E442-4CAB-9163-07A7295021A4;2014-07-28;"DUPLA ";230
6F9ECBF4-7CC7-4B22-AA2C-0468DCE1A12F;2016-09-29;BPRAUX;230
3C4021F2-DC7A-43D1-98C1-F6F0A981C668;2016-05-22;BPRAUX;230
81149ADE-1FBF-4DEA-B7BD-33428148236F;2010-05-17;"DUPLA ";230
86F0B828-D353-4298-8E94-24D33B57D303;2014-05-20;"ANEL  ";230
1610F0BE-08DA-4EA2-A731-A68E5D89F150;1990-12-31;"DUPLA ";230
46935390-998D-4ADB-9EE1-8F805F665B29;1998-03-25;"DUPLA ";345
1F3135EA-5ADD-41B0-BBB6-8DA2CA41D6A9;1997-10-10;"DUPLA ";230
8BBD03B9-5906-43F7-8551-542DE32729E9;2021-08-25;"DUPLA ";230
AEBA6A3D-153A-425E-B838-E54D62817C3C;2020-06-06;DJMEIO;500
02AD46F5-AA2C-477A-BAC0-9B37656EB37F;2002-04-21;BPRAUX;230
E4731289-4021-456C-B1C0-35471BE3887E;2019-10-27;"DUPLA ";230
9683C647-7AFE-4F37-B4CB-37BD2E7380EC;2008-12-14;BPRAUX;230
1A408B81-8F28-4BCC-BD9E-EB523905C2C0;2009-10-02;BPRAUX;230
1D499149-57AC-4248-B6E0-06E8AAB47AD4;2007-08-05;BPRAUX;230
2585C2EA-7C0D-4139-B72C-17F06D171433;2018-08-07;DJMEIO;500
624B1859-E127-4462-BAA7-7CA58C3E877D;2022-12-08;DJMEIO;500
72A308E8-6508-453F-80F6-000D170432F1;1990-12-31;"DUPLA ";440
D6254F08-DE85-4CE6-9C7C-DA0882B4B70B;2021-04-01;"DUPLA ";230
11F09D04-EA56-4B69-B391-867753EBA81D;2022-05-23;"DUPLA ";230
511322E9-E726-47A3-B34A-2FE59DE46B4A;1990-12-31;BPRAUX;230
E1CFEB9D-B220-4FC7-9D44-E63904BCEF82;2010-12-05;"DUPLA ";230
388C3696-9A66-4D81-B6DF-71463D42FC58;1990-12-31;DJMEIO;500
7D54DBF2-7A13-4C9B-BC1B-04FB690E46EA;2008-09-22;BPRAUX;230
AFA3066C-0692-4489-9DD1-346974AFC63B;2012-02-05;"DUPLA ";230
1822C8E1-4D94-4AA7-BD98-62579A5C12A1;2002-03-26;DJMEIO;500
75328D3F-EE47-4DFD-A2DE-AF4860737775;2021-12-13;"DUPLA ";230
E92FEBC9-D26C-4814-8C7B-F0EB7E2E0D38;1999-03-25;"DUPLA ";230
BEDECAEF-22CF-4F6B-A9D9-03809C319826;2024-01-29;"DUPLA ";230
C217F203-006F-4BDA-97DF-1589479D3ABF;2019-02-24;BPRAUX;230
1BE54786-C0DB-4CC4-A60E-96CC5B590B71;2007-05-23;"DUPLA ";230
8A85296D-C193-437F-A2B8-920D5EB795AC;2021-02-14;OUTROS;138
4BA78034-FD46-43EE-A492-91B02B6AA81C;2016-01-24;"DUPLA ";230
A98F3C84-3F34-48AE-9052-56A5E5934AC2;1990-12-31;DJMEIO;500
0418827B-4B88-4512-9481-DB3A730A5550;1990-12-31;BPRAUX;230
9D35A429-C049-4FF8-9B46-54C59CEF091E;1990-12-31;"DUPLA ";230
42918901-CC0A-4828-BAFD-BB861E440C5D;1990-12-31;BPRAUX;230
CFE21D01-E519-4F8F-994D-1EE5E98268D4;1990-12-31;DJMEIO;500
9D1143F3-C71B-4BE6-A967-39B81623748A;1990-12-31;BPRAUX;230
39A3D048-F051-4059-A42B-7CF3509A5139;2007-06-22;BPRAUX;230
DF7F18E3-8854-40DA-BBC7-FD0BBFB79A1C;2012-10-05;BPRAUX;230
F1CEC826-C74D-4DF2-8C04-3FC8C9379645;1990-12-31;BPRAUX;230
7EDB4110-47B4-4ECA-96CF-ECBE373A28CA;2024-03-06;DJMEIO;500
C478FDFE-420B-4816-85D1-60C7F6D63E6C;2021-01-20;DJMEIO;500
53EA041F-A40B-404B-B759-96E33C44F52C;2019-02-17;"DUPLA ";230
D9737CB8-54FC-46DE-B36C-566B76A43BB9;2007-10-28;"DUPLA ";440
C8CE04A2-2920-4BDB-BB04-646C1768EDC8;2022-05-28;DJMEIO;500
29754746-2F17-4BD7-8EC4-762BF963B1D6;1990-12-31;"DUPLA ";230
5385F0C2-D3E5-405C-89B5-D1756B5597EA;2017-07-30;BPRAUX;230
19BC1D55-5791-4C12-B27E-D8D1D52D5867;2023-05-25;DJMEIO;345
5E86FC79-E6CD-446E-9C63-AC9E1707FBDC;2010-12-20;BPRAUX;230
038FF4AB-E23A-42A5-A516-276DEA942BB5;2007-08-26;BPRAUX;230
5779EC43-21C7-4667-BC05-73CC8E6FED7A;2019-03-17;BPRAUX;230
E46BEB47-635B-4F8C-B788-9549B07FB1BD;2017-10-21;"ANEL  ";345
C1D9855E-7BD2-4741-9672-99A92F1509BB;1990-12-31;"DUPLA ";345
E554C17B-1BE0-4A75-A4EC-344359693CE6;2003-05-31;BPRAUX;230
869E16C5-F63C-4408-BE22-07DD3864C3FD;2019-10-01;OUTROS;500
38FBACB2-837D-4E4E-8D03-B5E91A48F188;1990-12-31;"DUPLA ";345
F1B37FA2-DFDC-4280-8A70-0E6B55E811E4;2018-03-01;BPRAUX;230
7E0B653C-DBF7-4B6E-B89E-0FD5F9E0F5AF;2000-11-05;"DUPLA ";440
F88C8391-493F-46C4-ACA6-90849D55A536;1990-12-31;"DUPLA ";230
346D5839-3153-4B86-9E48-E483953CA857;2015-01-18;DJMEIO;500
20641858-E610-4DD7-A517-032F5CF38EC3;2011-07-01;"DUPLA ";230
71631192-5D15-4D93-9FAB-AC9917F9BC53;2013-02-21;BPRAUX;230
A48A293C-6D20-4654-AC4F-CB3318781CF8;2018-05-27;BPRAUX;230
B4E33BDE-C3C8-4319-90A5-089A5546D686;1990-12-31;"DUPLA ";345
65086A22-90E5-418C-8FE5-AFD21B477971;1990-12-31;DJMEIO;500
77654BD6-E4C2-41AB-9495-B1ECCFD1C628;1990-12-31;"DUPLA ";230
FCF47850-2BD4-43B9-A61B-74F4F893419D;2022-02-18;DJMEIO;500
FF9ABA08-F1C2-4CDE-88E4-71135C87F91B;1998-04-07;DJMEIO;500
442DE724-EAD0-4E68-B96E-5F5071214095;2014-10-12;DJMEIO;500
6E8DBE3C-4A05-445A-8254-7FE5F2384A53;2017-08-02;DJMEIO;500
531FCD46-83A5-4F94-B5DF-71B7B1C992D4;2007-06-16;BPRAUX;230
B09C6D2B-450D-45BD-B2B7-ECA2AEA3587E;2024-05-19;BPRAUX;230
8855687A-DBD5-4C17-AA82-2D9C378569D9;2016-02-28;DJMEIO;440
EA32ACF8-6379-4AD9-BD8D-14D4F18CAFA3;2014-03-12;BPRAUX;230
BFB1CBA4-5945-4727-B97F-86C77ADF2661;1990-12-31;BPRAUX;230
30B29AA4-275A-4F18-9FC0-A0EBB7060768;2023-01-25;DJMEIO;500
5B4324E3-C3D5-4E29-A3DB-4F517115E5BF;1990-12-31;BPRAUX;230
8AE501DF-C350-4C40-81DC-A2C546FC5FD2;1990-12-31;"DUPLA ";230
6182B77A-39DC-4FFA-B4DE-4C269400AF62;2010-08-01;BPRAUX;230
C1EC1AEA-C136-48C4-93D2-98466AFE7BC7;2016-12-18;DJMEIO;440
F46EF20A-0F69-4085-B391-71F3B111B8EB;2013-10-12;DJMEIO;500
63C274E2-FF8F-48BE-9430-D0099841D0CE;2016-04-12;"DUPLA ";230
60D4B1B4-1E0D-4236-AC69-F3AE586A8F1D;2008-11-15;BPRAUX;230
52BDF23D-D520-45A5-BAF7-3AE0588B443A;2015-11-09;DJMEIO;500
12D8F1DE-4A7E-4B0A-B3AC-C2F179F7F302;1990-12-31;DJMEIO;765
825FD6F8-C5E0-4948-9D32-0296BE1A1638;1990-12-31;"DUPLA ";230
C51C6412-E1C8-4148-B4A4-D305B89E7C77;2023-04-04;"DUPLA ";230
EABD1DC0-2B36-4163-8546-FDA15DE785C8;2011-03-01;BPRAUX;230
6ABFCF04-1648-438A-9F7D-D0D42C6A2645;2014-12-19;DJMEIO;500
7385215F-E55C-47DD-BD9F-64A206D48BEE;2006-09-11;BPRAUX;230
9F8173AB-DFC6-4848-ABCA-5223A11E46C2;2024-06-23;"DUPLA ";230
2868313B-49FA-4E25-9459-4D66A1A117E6;2012-08-04;"DUPLA ";230
13A0A4DE-FF1C-416E-B3D0-1D93EFC3779F;2009-12-29;DJMEIO;500
966BD1FE-5DD4-41D7-AF98-7C128185B402;1990-12-31;DJMEIO;440
8A5D8DB0-38BE-402C-BBB2-249372283E4D;2005-12-22;DJMEIO;345
79940172-DE11-4491-B298-EC92A07E899B;1999-10-30;BPRAUX;230
4E2C99F6-2E9A-4949-B7B2-C7C9CCF45E6D;2014-01-21;"DUPLA ";230
B8A60FBD-CDC6-4EAB-88E6-E4A10168F69E;2022-03-28;DJMEIO;500
3962AA4A-E2BD-4FA0-94A0-48F75B726123;2025-11-30;"DUPLA ";230
41B39B6C-F9EB-4721-BDE0-27D99E2380C1;2011-05-07;"DUPLA ";230
B2E1EA37-EEC2-4D09-8861-23CFEE530360;2018-02-04;DJMEIO;500
52CEF3D7-B755-440E-914B-E90185699A93;2015-08-11;"DUPLA ";230
7EE4A26C-1EB5-4987-A73A-90C17F51FB24;2011-05-15;DJMEIO;440
4542F5A7-6E08-48C7-A40D-DF73520189BD;2023-11-06;BPRAUX;230
0DF7E048-E83E-4498-A720-482CCA458E66;1990-12-31;BPRAUX;230
F880248A-50DD-45A4-AC83-91D3571C3492;1990-12-31;"DUPLA ";230
DFFDD77E-1474-4BCF-8ADD-E88ABCAE0D13;2019-09-17;OUTROS;230
B4F2A313-F31F-44D8-A8CB-AD58324CC2F6;2010-12-09;BPRAUX;230
A1A0482E-6F36-444C-A35C-F70EF4EBBEBD;2012-07-30;"DUPLA ";230
C2FAE1E4-0998-46CE-BDDF-ABFF133095CF;1990-12-31;"DUPLA ";230
7D8B619B-1A1F-4C8B-B1DB-74F8055D6D1A;2015-11-15;OUTROS;230
99CD5C44-DBCF-4F5D-8CA3-FDD9508FC4FE;2017-12-10;"DUPLA ";230
FC159190-9B7E-4A2F-9810-EEC819F428E7;2024-01-08;"DUPLA ";230
E5881D0A-9BDC-49AC-A85E-FF64CD676A2F;2018-03-01;BPRAUX;230
E4ADD619-7565-47CB-86F1-6ACA2B1B7CC4;1990-12-31;"ANEL  ";500
E22D3F3A-FA23-47A2-8C2F-C52A5BAF8653;1990-12-31;BPRAUX;230
30AA272A-2443-466C-8986-905EB5D3F7AD;2023-01-22;"DUPLA ";230
D3BA5D04-B303-4EC7-BAC7-84B8E1F6765C;2025-08-30;DJMEIO;500
10C57184-042F-41C2-8FD4-8127F55287E7;2011-12-28;"DUPLA ";345
63A3AA1A-201E-4559-86D6-19058977A97A;1990-12-31;BPRAUX;230
BF6065CE-C857-4CB9-849E-4FD99ABA2556;1990-12-31;BPRAUX;230
98DA4ABA-30CE-4BBD-9C92-A86A1AE277DF;2024-07-01;"DUPLA ";230
1D8017D7-E18F-40E9-8C24-00317FBD323F;1990-12-31;"DUPLA ";500
DBC62C1B-1683-4972-ABF7-FAD2EBCF66FF;1990-12-31;DJMEIO;440
ECE0CACE-DDBE-44BE-96A1-41C159DA9FBD;2021-09-26;"DUPLA ";230
6596D8C1-F67C-49FC-BD69-46FCC509FF94;2018-05-16;"DUPLA ";440
9EB2677B-75FA-4C84-A833-11CE4A5BC09D;2011-05-15;DJMEIO;440
A3568790-8909-4A14-BC34-BE2796EBAAC2;2022-05-23;"DUPLA ";230
25DA5517-8E5A-4428-AE69-F814D532E82C;1990-12-31;BPRAUX;230
69C1837D-05FB-4DCE-9762-49EE62C325F2;1990-12-31;DJMEIO;500
97DA23A0-9719-48C1-A30A-B077EBEAFBA2;2001-02-18;"DUPLA ";345
300E0CEF-4D09-4BCE-BECA-E7231710793F;2020-12-03;"DUPLA ";230
0FD2461E-3677-456B-A2E9-02C8FD481D42;2002-08-30;"DUPLA ";230
3F087177-A702-4FFD-8DDA-90CAFEBE3427;1990-12-31;DJMEIO;440
2AA63D69-C695-4A9C-A97C-C9BC8EF077C1;1999-09-26;"DUPLA ";230
0169A51B-10B3-4672-BA04-98689DC352F2;2016-03-06;DJMEIO;500
393BC993-536C-417C-BA81-60FF9F395097;2015-11-15;"DUPLA ";230
621D22C0-464B-4623-A92C-4F152A8DB7B9;2021-06-13;DJMEIO;500
8882E55D-02C6-4912-AA59-6B172B7CE495;2023-07-28;"DUPLA ";230
C59A2686-32D0-485E-8B4A-857EBDFAA744;2013-04-20;DJMEIO;345
99D6BD31-288A-4FAE-8C4A-84337D45A57F;1990-12-31;"DUPLA ";230
E4F52558-59FE-4BF5-8B4B-4149F3599B93;1990-12-31;DJMEIO;500
0B5AD3F1-F959-45DA-9F0A-ABB53C99CAF5;1990-12-31;"DUPLA ";345
578C8533-3CBE-4331-9D4F-38BD6E87928C;2016-07-02;"DUPLA ";230
9AB321E0-E4A3-48F6-BB81-9B07AB1BDF9F;2014-05-30;"DUPLA ";230
7C97E11E-49F1-4C09-8FFE-9E5694BC59D7;2002-01-13;BPRAUX;230
7788101C-D03E-4DE9-B82A-77ACA3BFE323;2024-11-23;DJMEIO;345
AC0839C9-0CE9-4AAC-9784-E5A103ADB818;2014-05-08;"DUPLA ";230
94C39812-BC1C-485D-A316-AEDD8B235507;2004-01-23;BPRAUX;230
C182103F-59D6-42A0-96E7-3C5AB13F279B;2009-12-12;"DUPLA ";230
2162DBD3-BC3F-4F28-9CB6-9FC2E4B5DE8E;2023-11-08;"DUPLA ";230
9D4BD847-8AA1-4705-A90E-3D053ECC8A01;2019-12-05;BPRAUX;230
00B6496F-EAFA-4096-B929-2089B745186C;2024-04-07;BPRAUX;230
BAC94273-4572-4578-8CA3-1DBFB8291294;1990-12-31;BPRAUX;230
50268015-DCBB-415F-B4B4-946B81D7272D;2017-01-04;DJMEIO;500
C934F421-91CC-4E16-9087-2EE88663A6A3;2007-11-08;BPRAUX;230
101E536C-C816-4B20-9C6A-6C97C7CBD9F1;2005-03-23;BPRAUX;230
CAAC2AF6-6F91-488C-8E1A-9807951C955C;2009-02-03;"DUPLA ";345
E81CD061-8C64-41ED-AF9E-C14F199512D7;2010-12-05;DJMEIO;345
FBEDE38E-E6F2-4587-9B05-3A116BFA9A28;2016-04-22;"DUPLA ";230
48530EFB-01FE-4AF6-AE0A-8AF27F3F3003;2000-11-28;BPRAUX;230
0FBE9D7E-E88D-4F40-823B-DCC3D84E8186;2020-06-15;DJMEIO;500
857F915F-1C2B-47F1-A172-492B94761B5B;2024-09-29;DJMEIO;345
31301640-2226-41DC-B1A9-EBC5A4DE58B5;2000-01-09;OUTROS;230
9F783F39-6CA6-4323-87AC-FC4F7CA6184B;2023-08-03;DJMEIO;500
BDE9DF47-1D5C-4BB5-A915-C6CF640FB6B3;2014-06-03;DJMEIO;345
1DE88476-8617-4FC9-91B8-E785414FA395;2020-12-11;"DUPLA ";230
34BDDE82-82B6-484F-A68B-5DD3017F0D80;2012-11-09;"DUPLA ";230
8023F211-A03E-4A6A-9DF7-3E088F3BD1BD;2022-08-04;"DUPLA ";230
E8041C3A-6723-4437-A50A-1372FD649736;2015-07-05;"DUPLA ";230
59C704E4-CEE2-4F85-B5CB-B668829E57E1;2014-06-01;"DUPLA ";230
991CF82D-9B61-487D-94EE-5A0FB7E9A4BC;2022-12-08;DJMEIO;500
6834BFCB-B69B-4C1D-91F8-7927ED064E29;1990-12-31;BPRAUX;230
AA0510DC-5FB2-440A-B2E6-1959058E011B;2019-11-30;"DUPLA ";230
0959DAA1-AD8D-4913-9DBB-B8276F0346CB;2008-11-25;"DUPLA ";230
B8FA83EE-4339-4D27-8FC3-4871FECC6BCB;2021-02-02;DJMEIO;440
83B9B9D3-05E8-471E-8652-A76652FF0CB2;1990-12-31;"DUPLA ";345
D85F6C68-413B-4541-B487-97D96FBD9BF0;2012-08-23;DJMEIO;500
C35E8565-17DA-4303-A1D7-9A9FD54D7440;2014-12-19;DJMEIO;500
0C817BA4-271B-4C0C-A9A6-EF78579AD9BD;1990-12-31;"DUPLA ";345
3F112FC8-560C-4F3B-88D4-6D4AD1717952;2015-11-16;"ANEL  ";345
2736960A-0787-412A-B145-142AD19DDEBC;2009-12-21;"ANEL  ";230
4D6AA979-6948-44E5-8AE9-84055A94F4E6;1999-03-28;BPRAUX;230
36FB2CDE-4F84-4E29-831C-169E6A129F03;2016-12-18;"DUPLA ";230
58B83194-807D-4677-9C88-F8300C24D2CF;2012-07-02;"DUPLA ";230
5787E14C-7EE0-41B1-B1A5-59B80110213E;1990-12-31;BPRAUX;230
0AAAA21C-8D90-42CB-9758-50887F2ADCA0;2007-11-27;BPRAUX;230
233D30A4-11C2-4F96-BAE3-0183124C3A60;2023-04-23;BPRAUX;230
8705BB84-E115-4C31-BD92-8B4A77C586DC;1990-12-31;BPRAUX;230
3E2ECBE0-F314-49FB-B271-F42762483208;2008-04-21;DJMEIO;500
EDE16837-3A93-434E-8EC3-6C82B254D307;2011-05-01;DJMEIO;500
3EB5027B-DB08-4931-8549-C2DAAF253F64;1990-12-31;"ANEL  ";345
FF43581C-077D-46BB-8122-361C7B35518C;2022-06-18;"DUPLA ";230
A127858E-B72A-4E34-AB5B-6F2983E83348;2019-11-29;"DUPLA ";230
8525D1B3-BF24-4075-AC3E-8D9DDC54BF57;2009-05-21;DJMEIO;500
3506BD50-2D44-4D7F-8E99-9D09FB05025D;1990-12-31;BPRAUX;230
DCB8F634-92D6-4E91-A14F-1E1BA289F0F2;2018-02-21;"DUPLA ";230
B6565142-0266-48A2-8635-79C0D8A9A75A;2013-04-15;BPRAUX;230
CA49E920-2F97-4BE1-B8D7-661D1DF2BD22;2002-12-11;"DUPLA ";230
39A2C8C4-7F28-47CA-9AA4-8961A6AAA602;2014-09-29;DJMEIO;500
7338441F-16FE-4E26-83E1-567455692E6F;2015-12-01;BPRAUX;230
50CFD97F-A9A9-448D-BFDE-393B797DF7C3;1990-12-31;BPRAUX;230
8EE5AAC7-E730-4E0F-814D-0FD7021F3306;2022-03-17;DJMEIO;500
E5E993A9-BBB8-42BD-BB85-83857243B3E8;2008-10-08;"DUPLA ";230
1BFEC5F0-269D-4A77-A8FE-B324855362B3;1990-12-31;"DUPLA ";345
62350768-56A6-45AA-84FE-ACDA16D3E757;1990-12-31;TRIPLA;230
510E2E04-AAB2-41AA-BAC8-1BFCCA3C09DF;1990-12-31;"DUPLA ";230
015D38B7-1E72-4215-89EE-60DA1BE3D511;2012-11-04;"DUPLA ";230
E0FE1F49-6C09-4610-A5D1-DB7EF44A313D;2003-04-25;"ANEL  ";500
AD1F929A-DE63-4ECA-BBF6-054FAC6D4E8B;2008-12-07;"DUPLA ";230
4D40A75C-4A61-40B3-B59F-455C13BF30E9;2017-05-28;DJMEIO;500
CF40FE82-D363-4D1F-938B-EE8102B0A334;2024-01-22;DJMEIO;345
B8E56FCB-06BD-4FED-A6CC-EE00F46BDF56;1997-08-25;TRIPLA;230
50B491E2-4948-470F-83CB-A07016264463;2014-02-28;"DUPLA ";230
B730A01E-E8E9-4C5B-BD25-C42FD456A1E5;2025-06-04;DJMEIO;345
CC7E70EA-3730-4F8E-A341-78672A20898A;2014-04-06;"DUPLA ";230
5274FE5A-D854-4898-BCA6-251B934FF370;2020-08-30;OUTROS;440
625C3816-E8C2-4A8C-ACFC-C7DD02C07D20;2023-05-13;"DUPLA ";230
B05F4C1F-99C0-406E-8224-06E97829F2B2;2008-09-06;BPRAUX;230
28DA8065-B3BF-4CA2-916A-4BF7784FDD8B;2024-12-21;"DUPLA ";230
8E59FCAD-16EF-45D4-AF77-804198137915;2001-09-02;BPRAUX;230
20B1E304-E6E1-4BB6-BB65-333FA534C91C;2011-11-25;BPRAUX;230
75C1D0C1-B81B-4D77-92A1-CB0AB19F2E10;1990-12-31;"ANEL  ";345
02BA5F51-59B4-4241-A510-5A266306282B;1990-12-31;"DUPLA ";230
45F6B4E0-1554-446A-8FC5-19241EF68471;2019-06-24;"DUPLA ";230
274A3B8D-5C78-41A0-87DE-1A828ED02C48;2023-12-20;BPRAUX;230
CCA0AF18-F42A-4AE2-A993-8AEB1B02DAE5;1990-12-31;"DUPLA ";230
5583101A-4AF5-483C-B8D1-A32F4E33B8D5;1990-12-31;"DUPLA ";230
67013822-50EA-4C0C-A499-E18A86BF8D0A;2022-06-29;DJMEIO;500
DD4C4138-5AB7-4FD7-84FA-07BC8DB4DC3B;1998-03-11;BPRAUX;230
3B353B6F-8AC4-452E-9DC5-A5FBCC9DCFED;2014-07-15;BPRAUX;230
A467E6AC-6954-4289-B08E-5203E6AED0A9;2021-09-03;"DUPLA ";230
72E185DB-B9FE-4BEB-98BF-8950E5072BB4;1990-12-31;BPRAUX;230
DC78C785-DE0F-48D9-8170-6F5F1EDAC962;2010-09-26;BPRAUX;230
DB233991-1F7F-4264-B67A-2B8477FECCE1;1990-12-31;BPRAUX;230
2B419C55-B2F6-4719-A5FA-17C2C73242FB;2014-12-14;DJMEIO;500
B09F4E36-28B7-431A-90DE-64AB1C2A7F8A;1990-12-31;BPRAUX;230
A1CC1BDB-781D-462B-A8B9-24B955DD0178;1990-12-31;"ANEL  ";345
CB3A882A-FF9C-4B39-B3B7-338BB9DF45CA;2015-11-28;DJMEIO;500
C1BD0250-66A2-4DA0-88F3-7804E8371109;1990-12-31;BPRAUX;230
9224BD01-549B-44D0-A062-5E612F54A67D;1990-12-31;"BSIMP ";230
92D1B331-43BB-4AB4-8533-685FDCE75A8A;2006-07-28;DJMEIO;500
A1478965-DF45-4C9E-A2C1-51B8554473DF;2021-12-22;DJMEIO;500
D8094B5F-F4A1-4926-8E0B-288E2BADD0DD;2015-04-01;"DUPLA ";230
DF31F146-AF53-46F7-B6EA-C3E4CD17D847;1990-12-31;"DUPLA ";230
2FB42A0F-3126-4CA4-850B-AFED58E6F1BD;2013-07-03;DJMEIO;500
28CE465F-2312-4D3B-AD39-FCA36090BE92;2014-12-19;BPRAUX;230
870FB91B-E5D8-4EA0-B4EA-4A3A8FC2E635;2006-04-04;DJMEIO;500
4EBE1ECE-606C-46A0-B2F9-989FA0DA81E7;2013-11-12;BPRAUX;230
F9AB7870-787C-455A-A54F-6B624F62A429;2024-11-01;"DUPLA ";230
309A1924-4FB3-4EC0-9F38-01BA96669D63;2018-07-29;BPRAUX;230
E515D8AF-829D-4C8C-8EA3-8FB73BDB2737;2016-01-24;BPRAUX;230
7EEC2A6F-8B55-4FA9-A5BF-C96FB85F3618;2007-12-12;BPRAUX;230
A67F23BF-12EA-4930-833E-716FD347EA9B;2003-11-02;DJMEIO;765
D980B5F9-43F2-4558-84B7-2BEBFA474220;1999-08-24;"DUPLA ";230
2703E2CA-ABC0-4280-99F0-BADFE8890649;2001-10-02;BPRAUX;230
1B3CD8C5-7527-4D02-B0D9-AABD1549A928;2015-07-12;"DUPLA ";230
216DB755-ABE2-42E4-AA82-E1E20F31103F;2020-10-03;BPRAUX;230
A9693C1B-395A-4C3D-8F96-0D0006596C22;1990-12-31;DJMEIO;230
A834C603-B611-4CB0-8CB0-33298C75F137;2018-09-30;"DUPLA ";230
2AD2958A-9832-4E44-8829-835B86560F81;2003-03-04;DJMEIO;500
2A5A656E-58E0-41C8-A030-B15FE0F53430;1990-12-31;"DUPLA ";230
E8C1B437-90CA-425C-AE12-9D21EF47DB8E;1990-12-31;BPRAUX;230
5680A0F5-83E4-4AB1-94D3-427C75B6CA33;1997-02-18;BPRAUX;230
53FACE0D-C0E1-4009-91C9-CA879B3F48F0;1990-12-31;BPRAUX;230
C6ED89AF-04D8-447D-8FDB-B2A1CA3FA0B6;2008-04-26;DJMEIO;500
4641D0B3-55D2-4610-8CA9-64F5108FBD2A;2024-06-16;BPRAUX;230
2073F33A-AC6F-4451-B6CD-5BC5966B1EA1;2020-12-15;DJMEIO;500
67B5A77C-FDB1-46DC-824D-F0C43CC85E65;1990-12-31;"DUPLA ";230
9C5EBED9-6596-468C-AF05-09865B4D5E6E;2019-03-18;"DUPLA ";230
C1509DEB-8344-42FD-91B5-65E8E93FC165;1990-12-31;BPRAUX;230
0147A16F-CD50-442E-AEDF-88FCD75E7F17;2012-11-28;"DUPLA ";230
925E60E9-F346-41CF-87A0-E44ACDE15F51;1990-12-31;DJMEIO;440
0C8A89C0-AFD8-4542-A1C7-AC4198C5ED37;2018-01-21;DJMEIO;500
561A0161-97F0-46AA-AC51-EDD6468D88CD;1990-12-31;"ANEL  ";345
938B7EB9-30F7-4CC5-916A-3522AEB20D24;1990-12-31;DJMEIO;500
E4EFA749-DE05-4CE0-B294-FACEAF47AD4B;2018-06-03;"DUPLA ";230
A119817A-A6B1-4E40-AA55-7B3AC6AA0B59;2022-10-11;"DUPLA ";230
2412C631-85AD-44A8-9F7A-799EFBEE0763;1990-12-31;DJMEIO;345
7BA18F7B-A213-4052-9481-787037F7ECE4;1990-12-31;"DUPLA ";230
90294E09-1B40-4D4B-B3A1-2C9C8ABAD9B4;2023-01-29;DJMEIO;500
D60B02FE-1AD7-4AFC-8112-59F271ABC336;2011-07-17;"DUPLA ";230
30CB4D98-4210-4B66-AAF8-8AD83F64C821;2016-03-23;DJMEIO;500
7B1D74D4-00DA-4932-BBF7-2D1DA8F93BE4;2015-02-08;DJMEIO;500
A4C9F3F6-F74C-4B75-9891-FAE0F4BB135F;1990-12-31;"DUPLA ";345
A8A5245D-E7DA-429A-B6C0-0C8B76505476;1990-12-31;BPRAUX;230
D46170DF-C4CF-4244-A0F1-56C7ED6C1D0C;1998-07-02;"DUPLA ";230
76D18AE2-B110-46B9-BE7B-1E7B80244F9F;1990-12-31;"ANEL  ";230
54545F03-85D8-41FE-BD75-1BF99660F253;2007-06-10;"DUPLA ";345
75ADE5F4-067C-4930-BB4B-A03E975DEC67;2008-06-18;"DUPLA ";230
36C742A4-0795-4B0F-A7E1-87D9DCA1F8C9;2002-08-30;BPRAUX;230
C8D59FD5-A8B0-4A8C-A957-F1CEEABA7EFC;1990-12-31;DJMEIO;500
78151CF6-B676-4D65-A75E-25D3A6BC8D2B;1990-12-31;"DUPLA ";230
CCB80281-C883-469C-AD11-C4D27D11A485;1990-12-31;DJMEIO;440
08239E64-D3DE-44B3-A081-FAA5940F7543;2002-12-22;BPRAUX;230
753CCF25-D9A0-46CF-99E4-DE76429A20A6;2011-05-06;"DUPLA ";230
CA7373A4-A59E-4483-870E-E081AA484ECB;2024-10-31;DJMEIO;500
EB2E1E6A-7867-4982-9FB9-70632A10CDB9;2009-10-02;BPRAUX;230
04E69428-F9F6-451C-B02B-366623A29F1C;2011-09-18;"ANEL  ";345
FF463EF6-C8E2-43F3-86C4-604A6B5F27BF;1990-12-31;BPRAUX;230
E0D4FC66-F84A-4835-94CD-B0FA8144AF12;2012-01-31;"DUPLA ";230
76DEF8EC-BC05-45F4-9A17-EE19804E89BC;2018-06-19;DJMEIO;440
9BC821B2-CCB1-455D-934C-E0800CBD0CD5;2006-12-03;"ANEL  ";500
B6E89437-3901-4A40-A9A0-2382B7C4A7CC;1990-12-31;BPRAUX;230
9A68001A-05D9-4FBC-AD45-F66F2745BF7F;1990-12-31;"DUPLA ";230
1DB47FC0-1369-4CD2-A113-85AD76DD1CDA;2013-10-07;DJMEIO;500
45D920F7-00C9-4288-B627-F1B234B33629;2008-04-01;"DUPLA ";230
95A3ABCE-D88C-4314-A9E9-B8513A60052C;1990-12-31;BPRAUX;230
0546D5F3-6EF7-482D-9386-567CB1639566;2010-09-26;BPRAUX;230
E10035E9-3800-4DB9-874D-4EBDA6974EB4;2020-01-12;"DUPLA ";230
E37643E2-E950-46D4-A7B3-2D4BE8BE1CA3;2018-04-24;BPRAUX;230
8FA4B4A4-0EB6-4083-8003-B209A1BDDEA2;2018-03-17;BPRAUX;230
7408DC56-68AB-4F1B-AAE4-7BCED4AFE0EB;2015-11-30;BPRAUX;230
9E5EC2AA-D247-40C5-AC4F-1F8592D6DFE7;2023-03-10;DJMEIO;345
D232FB56-3008-4BE3-AE13-006A8B011A04;1990-12-31;BPRAUX;230
046598F9-2198-432A-A014-F6A1E74A2D50;1990-12-31;"DUPLA ";345
59F7DD56-C665-42DE-B997-94823778B39B;2012-06-03;DJMEIO;500
C8DCBAAC-E4EA-4EE4-8FD3-2B32C4D6C764;2013-02-21;BPRAUX;230
0AA4184A-5FD1-4EBE-8948-77CB8090CFF3;1990-12-31;BPRAUX;230
4BBBCD2F-5319-4621-AD46-0CDF609BF552;1990-12-31;DJMEIO;765
6865C41D-68D9-4AF3-9CFC-4C8AE008CBC1;1990-12-31;"DUPLA ";345
CA28800D-A383-4B2B-9631-772BCCC7F6DB;1990-12-31;DJMEIO;440
09B31A71-CAC2-4E04-B4CF-2E157DE15EF8;2024-08-27;"DUPLA ";230
06B483A0-1832-4A94-BA54-4BA71368635F;2024-11-01;"DUPLA ";230
DDBD0F06-A031-441A-B893-77B34ABBEA40;2014-09-25;DJMEIO;500
E7CE180B-AFE6-4AFA-9BFD-1BA15069FE42;2024-12-23;"DUPLA ";230
1027E58E-BAC6-4764-A221-B5E9CD14F578;2008-03-25;DJMEIO;440
CD712F25-2578-4742-8566-6A43356A5998;2010-09-22;"DUPLA ";230
BAAF667E-703D-4EB8-9EF0-B8B82B90AF23;2002-12-29;BPRAUX;230
324AFB1D-3068-4650-930D-2DC56B95C98B;2002-08-25;"DUPLA ";230
4E42BD1F-F152-41F6-8C37-B03B91B72C24;1990-12-31;BPRAUX;230
CF125889-D248-461C-837E-0415B1E65984;2017-09-03;BPRAUX;230
917651D5-EB52-470C-9071-6CC2D91D9F57;2019-09-17;OUTROS;230
322348D6-CAA9-48CF-801B-69047E083E89;2023-01-15;"DUPLA ";230
AD28BEBD-7B0A-48DA-A06A-D0474308F9C0;2015-03-18;"DUPLA ";345
851C0F1D-CE35-437C-BAD1-873DC0DCD321;2008-04-27;DJMEIO;500
1CAC6153-2470-47FA-A448-30C82F04D4C4;2022-08-28;"DUPLA ";230
BE7CE2C8-18C7-47F9-B010-505AAB63A382;2000-09-24;BPRAUX;230
E019CCCA-A54F-4A7E-821E-C3590B3DA268;1990-12-31;DJMEIO;500
F867B201-9236-4A2E-9E95-E4D3B5D842B9;1990-12-31;DJMEIO;500
0C337E90-C8DF-451D-A9F3-1447F9B49CE6;1990-12-31;"ANEL  ";500
68393A79-FE6B-4B86-AB40-6CE88137A76E;1998-12-21;"DUPLA ";230
C468DD2E-00CF-4027-89C2-EAAAB75DCED4;2003-09-29;BPRAUX;230
582A4AA7-2C97-4452-8B75-B9B6B7DD2790;1990-12-31;BPRAUX;230
D3F9E81D-17B1-4532-B2B4-E50459C020DD;2010-11-30;BPRAUX;230
E3D46CDE-05B2-4898-8487-DF6FECFD428C;2011-12-22;"DUPLA ";345
1276D2BF-363A-46A7-AF31-BD3C63815533;2017-12-17;"DUPLA ";230
6FDCC79E-AE91-4A12-B0E5-DBC66A0B3E0B;1990-12-31;BPRAUX;230
CE399C1D-9475-42B2-A10B-6D1B2FEAF527;2017-11-04;"DUPLA ";230
254BFB28-EF86-46B8-81C3-3DCB0782773E;2023-08-26;"DUPLA ";345
F2678BD3-6AE1-4216-A103-B84BBD8D527F;1990-12-31;"ANEL  ";500
FAD5955E-330A-4F2B-BA3C-AF46A7EB9141;2017-11-02;"DUPLA ";230
3BCC6676-AA3F-4F9F-A889-E02D04919D2C;1990-12-31;BPRAUX;230
7B2D3C96-43B6-4FA0-AB85-1112EC3265F7;1997-09-28;"DUPLA ";230
03492447-A122-438A-B6A8-A9FA08AFB3C7;2024-12-21;"DUPLA ";230
99260EB7-3218-433D-897E-9FA6F7362196;2020-09-21;"DUPLA ";230
5EC41322-BCC3-4C82-8C54-BB599A1CA006;2006-01-08;"DUPLA ";230
0D0C57C6-4E07-41E5-B24F-238D824A940C;2003-07-06;DJMEIO;500
63641D07-2034-4A57-8871-AAEB24E848FA;1990-12-31;"DUPLA ";230
27FF59CA-C2BB-451E-9481-9E3A649EF76D;2002-01-13;BPRAUX;230
D4F6F205-A6A6-4F9D-8BCA-2F2E629CAB34;2017-05-12;"DUPLA ";230
4A139140-8535-4803-9239-67A5E2757A68;2012-11-08;BPRAUX;230
6AB8C606-0992-47F0-AA31-A4206C93525B;2023-11-26;"DUPLA ";230
0352433F-3BB4-44E3-8CF2-999700F5D7CF;2018-06-03;DJMEIO;500
DD003CA7-B370-4F1C-A878-C9186208F1EE;2001-01-22;DJMEIO;500
781BF431-2FF4-4439-AEEA-8D061FE10A3F;2002-01-17;DJMEIO;500
542358FF-AC42-4DFB-8750-AB5B18AD23A6;2008-12-29;OUTROS;230
9EDE1B26-525D-4FAF-9A20-517D073AF4A8;1999-04-25;BPRAUX;230
1AC1C574-BD15-4F62-9C7C-BAFE4220F780;1990-12-31;"DUPLA ";345
D84B2D7C-8B4D-46BC-8D7F-CB05FA4D42A5;1990-12-31;TRIPLA;345
5686885C-CDF1-4BBC-8012-0BFB570FFC5C;2011-11-06;"DUPLA ";230
4F62C8AA-4BDA-4961-B66F-9BFCA812D0F7;2023-06-18;OUTROS;230
307666EB-D13B-45F5-AE71-0625CA7FFA8D;1990-12-31;BPRAUX;230
ADEA2DFD-972E-4FDA-B7E4-6DCF28D53FAF;1990-12-31;"DUPLA ";230
F230D24D-7437-46E8-97E4-1683B8C7725F;2006-09-29;BPRAUX;230
A9499AB9-2DA8-46C7-98EE-CB387B56CF5A;2024-07-07;"DUPLA ";230
819430A9-5491-4BF8-9511-91228BB1B29F;2002-11-07;BPRAUX;230
1EC7AB52-FDE2-44DF-B256-0AF19450EE57;2018-08-21;DJMEIO;345
B162CAC1-5ECC-41A5-82DA-750E8A7DFE7B;2007-08-26;BPRAUX;230
39A56711-63D6-48D1-AB88-F8538F388120;2014-07-23;"DUPLA ";230
E1B50D7E-9ECA-4DF4-890D-CFA2B6C970C1;2023-08-10;"DUPLA ";230
7F1776E8-6AE9-49D6-9A08-03CFAE0C5F35;2009-07-06;BPRAUX;230
48EE7266-1BDE-47A4-82BF-CDD1F395B94F;2004-12-02;DJMEIO;230
D9EEC8F0-5C25-4E15-857F-5A3C7DB717F9;2010-12-05;DJMEIO;345
6DD6EFA3-E5E9-4C15-ABB8-FD90FAD164AC;2000-05-10;DJMEIO;500
9175FD58-1638-47AA-8B16-4041EF9F43BE;2016-04-22;"DUPLA ";230
87B0FC7B-CFC3-4BED-B4D6-B9A86E4C0C34;2012-11-29;BPRAUX;230
C2BB26A4-687B-4185-8F3F-1387DB51C500;2013-09-30;BPRAUX;230
3E35053E-1B5D-4BFA-8924-2C873EB506EB;2009-11-15;"DUPLA ";230
08F51991-D070-4C61-972E-E73585D7A7C8;1990-12-31;"DUPLA ";345
4870D3E9-B523-4119-BD26-273283DF0939;2005-05-26;DJMEIO;765
1C735AAE-BF43-4FC0-A480-B058C93EA0BC;2020-07-12;"DUPLA ";230
49CDD374-7817-4DD6-87E1-29355F56E953;1990-12-31;BPRAUX;230
D30FEB9F-EE6F-4D1D-A866-3F9C49A8C632;2020-01-27;"DUPLA ";230
B2F5EE12-7D0C-449F-9C00-3B0C09AE260F;2019-10-18;BPRAUX;230
61D3E1D8-1995-428B-80E4-318ED8513EE0;2024-11-23;DJMEIO;345
FED111EB-CCDD-4817-8961-13BF305C41EA;2002-11-27;"DUPLA ";230
003F13BB-8478-4AFF-8754-26F032F8718A;1990-12-31;BPRAUX;230
DCE85A26-44E7-4A58-88F2-42C2F116CDFF;2022-02-06;OUTROS;230
5DF86EBE-48A5-457C-8F61-0851605E4394;2002-01-27;BPRAUX;230
9ACC3111-44AF-4292-926E-4661533CEC10;1990-12-31;BPRAUX;230
4CE784EE-65E4-4168-BDFE-8B64BD300EAA;1990-12-31;BPRAUX;230
CD471C9E-4DB6-4A0B-A7BC-EDB6084321E5;2014-02-10;"DUPLA ";230
BFF392BC-577A-430C-96D3-5D0E2112E162;2000-06-26;"DUPLA ";230
142AECE8-7660-4809-94E9-B4F2F2C010E9;2024-07-15;"DUPLA ";230
09531D9B-5C40-4E4C-9FF9-8F254CE91CDE;1990-12-31;"DUPLA ";345
71325C08-995D-45AA-B1B6-858700B36BD8;1999-03-28;DJMEIO;500
B52D06BF-8FE9-476B-AC66-5502470254A9;1990-12-31;BPRAUX;230
0B12EC05-9178-47BE-B0DB-5F6AD150B22C;1990-12-31;"DUPLA ";345
6F0E2563-148C-4B04-A3E1-F7FDA69F387A;2011-06-02;"DUPLA ";230
62DD5160-6FC9-4DDE-ADEE-2D5C01D717D4;1998-06-24;BPRAUX;230
BA516C92-B8BA-4932-89EC-F76BA19FF692;2022-12-07;"DUPLA ";230
7A814E4E-113F-4241-9E4E-A11CCB4B81A7;2009-09-13;"DUPLA ";230
C4F3FAC7-F8EF-4BBA-B4C7-B428523D59D5;2019-04-28;"DUPLA ";230
9AE14878-F871-4485-A8E4-6331F02F5038;2019-03-03;"DUPLA ";230
AEBAED0D-838D-4DFE-A656-A2B31FD07529;2011-03-11;DJMEIO;440
17B966C6-8880-4C40-86FC-17FBAEF9AC4E;1990-12-31;BPRAUX;230
844C1E94-D91C-4693-A425-0673A5E23C9F;2015-02-28;DJMEIO;440
F240884B-62D1-45A4-93F4-EDD499BEF2A2;2023-04-25;DJMEIO;500
BB0BB08A-AC4C-4A36-88A5-19B50961CE00;2018-12-06;BPRAUX;230
CC375D16-BB36-44E5-AEA2-38D64FFB1798;1990-12-31;DJMEIO;765
97CB5650-DC04-4E1A-8A96-782066AEADFA;1990-12-31;"DUPLA ";440
6B14C01A-EAA3-49A8-9309-76CD84D81B27;2019-11-29;"DUPLA ";230
A9308171-2840-4077-9F49-45BCBB738070;2001-12-16;DJMEIO;500
01F7288F-0F48-4BC6-A531-FA1A7629A20A;2015-09-28;DJMEIO;500
80C35AF4-575C-4DF8-85E1-1CFE30E08EE3;2005-10-17;BPRAUX;230
60DE7DBA-7A39-48ED-8C19-37BA7939D964;2011-12-04;"DUPLA ";230
92AAE5D8-79F8-4413-94A3-33A7894130B8;1990-12-31;"DUPLA ";230
1CA24DE5-6DBA-4B99-A85E-2EA01B6014B3;1990-12-31;DJMEIO;500
3FF158E7-DC5F-4CD0-9142-09E24B0EF3EC;2003-06-02;"DUPLA ";230
95BA4402-942E-49AD-8E3B-7C16BF60F656;1990-12-31;BPRAUX;230
FE858CB0-C9EA-45C7-AE2C-E2BFBE6BB351;2019-01-26;DJMEIO;440
29C7EAB8-D7D7-4A3B-879E-1DD369918805;2023-05-25;DJMEIO;345
7B71FC6C-41CF-41A9-8C0D-127B28D9F211;2017-10-18;"DUPLA ";230
054F99E1-BBE0-4652-BF4E-1D72094A40F4;2010-12-09;BPRAUX;230
57C3CF66-E30C-416B-821B-51ACB8B43448;2006-11-30;DJMEIO;500
C6C80C9C-0461-4D1D-B482-AF468A879CAC;2013-07-03;DJMEIO;500
F3B79ACA-9389-4CCD-8FEE-3534CBF7C147;2024-10-31;DJMEIO;500
D8C2BE43-382E-481B-B564-0245CF70823B;2013-11-30;"DUPLA ";230
15238378-C75A-4456-A293-8EACB714B279;1999-02-27;"DUPLA ";230
3D9B1E81-7F71-4E0D-BBE5-F1D7A487CD05;2023-01-29;DJMEIO;500
ECF72A82-D21D-4399-8DA5-9C3CF153E3C1;2022-11-30;"DUPLA ";230
184A220E-3158-4A4A-B9FB-6B022D7A2CBD;2001-04-12;BPRAUX;230
9A7C329D-C7F7-4E67-832D-F4A87B19C8AC;2022-06-18;DJMEIO;500
34BE9C23-C440-41D2-B64E-FB877B82CC26;2015-09-24;BPRAUX;230
EB09302D-6254-41C9-99E7-3B47FB47A1A5;2010-10-11;"DUPLA ";345
92905D91-5F31-4F9F-86E5-BF755E08C9DE;2012-09-16;DJMEIO;500
28FD5180-AB14-4ED6-8F46-FBD6DF6BC65F;2000-09-05;DJMEIO;500
300C9711-3ACB-4AEF-BB6F-34E20D5D9A0B;1999-03-22;BPRAUX;230
51D47ABB-49D8-4264-BF61-141D4150B9FF;2010-02-02;DJMEIO;500
18D3BF84-9B53-48D3-B063-F7DFA6FA89ED;1990-12-31;"DUPLA ";230
093C4FA8-F9CF-4F3E-B5D6-F4B3FDE93482;2014-05-25;DJMEIO;500
6F6D633F-3DF8-4747-B5D0-7FA33C5B1654;2023-12-07;DJMEIO;500
BE12FD01-7810-404E-A4AC-D3C4E35D4411;1990-12-31;BPRAUX;230
3BB36FED-8F33-4EB6-A9E1-EEC15C9BE2E4;2010-08-29;BPRAUX;230
6C12752C-D69D-4470-A654-CD97E112AACD;1990-12-31;BPRAUX;230
3CE7605A-49CF-4E96-823B-2EBF42078853;2014-05-14;DJMEIO;500
662BF047-B6C0-4A85-8580-647D11D6390E;2004-03-11;"DUPLA ";230
329ECA34-1A6C-404D-A263-A4FE82BE2DDA;2022-06-18;"DUPLA ";230
F1983F15-7F51-4D7A-A3A0-712D2EB7DF30;2006-12-18;DJMEIO;500
688156CA-06E3-4EFE-821B-569593790822;1997-09-29;BPRAUX;230
0BF3CDD0-DF96-496B-9134-F2849E801EBF;2010-12-30;BPRAUX;230
D26CB470-C959-4C4A-82B4-09BA54EE72E6;1990-12-31;BPRAUX;230
0D06F5FE-373C-4A1A-BA06-F2C4FDA5507A;1990-12-31;"DUPLA ";345
B0DFA93B-E5B3-4A08-B1BB-431B7C523AF7;1990-12-31;BPRAUX;230
A7A859FB-3644-4B4C-AD52-F0FE7FCDAF51;2008-09-02;"DUPLA ";230
FE508FA3-95CA-46C7-8F8F-C489B7E9A41B;2016-02-03;"DUPLA ";230
B2E9766F-804A-44A5-ACA7-AF88F98CCCC9;2021-12-19;"DUPLA ";230
AE6D1D2D-2D77-4C15-8E56-6C675A7A76FB;2021-06-06;DJMEIO;500
A72CBAE4-05E9-4164-B9DA-AA5FF0A39B10;2003-03-10;DJMEIO;500
494789BE-7AEF-49FA-A3F8-C72011A46C07;2012-12-19;DJMEIO;500
0E07EAFD-5109-44B6-8A6B-C76AF6595D2E;2019-12-15;BPRAUX;230
83636987-57D4-4726-A764-982C4DF82A4A;2021-04-01;"DUPLA ";230
5C5A7F54-7A76-4786-A969-B33B6066F4C0;1997-10-03;BPRAUX;230
52C84673-9193-43FD-8379-6C1C60978C28;2022-11-12;OUTROS;26
5BD94305-EA73-4031-BD99-1BDB7D4E8EE2;1990-12-31;DJMEIO;500
5836278A-6DCF-42EB-A8D2-0BAED33170E4;2023-10-29;OUTROS;230
C20FA49F-6282-409C-B929-B381EFEFBFF9;1999-08-01;"DUPLA ";230
E5BDAC79-F720-49E4-911E-AD54290DBA2E;2024-12-16;"DUPLA ";230
CAFFBD2A-7BF0-4CC7-8871-DB1A6403BF51;2000-12-17;"DUPLA ";230
0D36B8DE-6935-4684-825C-8EEF2AFB468D;1998-12-30;"DUPLA ";230
32BA210A-70F5-4937-B0AD-C2E9FDA1C70D;1990-12-31;BPRAUX;230
1D0139A9-546B-4410-98A5-EF44AE53DBA1;2011-12-22;"DUPLA ";230
218C0101-E229-4D72-80D3-15A4C3F9552B;2021-08-25;"DUPLA ";230
3820730B-D446-4C90-947C-92FE4D813F7A;1990-12-31;"DUPLA ";230
144C568D-B7F1-4C0C-9A19-274906B7F19E;1990-12-31;"DUPLA ";345
A0FE2471-47AB-42E3-A823-0B978173C4D6;2017-08-06;"DUPLA ";230
C383D645-F93C-45E1-A259-52EE6554D9C3;1990-12-31;BPRAUX;230
62A73906-3EF3-45D1-9D3C-8606A3D65A90;2008-06-29;"DUPLA ";230
E2C1F887-0A50-491D-B7A1-BEDC33CE0F2B;2016-09-12;"DUPLA ";230
0499D104-91A5-4C2C-ADB9-93B751EA04E4;1999-03-28;BPRAUX;230
41BEAA45-C12F-40F6-A19D-77FF8F50DC5D;2020-06-28;BPRAUX;230
F9D5C172-6871-4FEE-8882-253AFB1C2501;2007-11-08;BPRAUX;230
9E962D84-5185-4D44-BE32-7738296BE4CD;1990-12-31;BPRAUX;230
65B7D5D1-9325-4311-B19C-75F2BCAE89AF;2011-10-31;"DUPLA ";230
755EAB3D-8720-49E6-9610-D737FDFF7467;2024-11-01;"DUPLA ";230
23808D82-D775-495E-B7BA-ADEA8CEB3FEC;1990-12-31;"DUPLA ";345
EEA9CEA5-E054-4328-A593-401064F6D49D;1998-09-27;BPRAUX;230
BF1E6491-B741-4888-90A8-7135C7A10D42;2013-07-03;DJMEIO;500
213BC80D-6102-4D6D-8B7A-6B9D2B84DE55;2024-01-22;DJMEIO;345
34C2D473-F269-45FE-8525-7DA4878EE20B;2025-06-29;"DUPLA ";230
1571A9B6-264E-4927-A936-09BC7C62B46C;2014-09-25;DJMEIO;500
56C99268-1D8D-4C94-A10D-F12C55F78A8C;2024-05-10;"DUPLA ";230
0D71D5CD-14C2-40C4-9DC2-1A42AECB1007;2009-11-18;"DUPLA ";230
D00320B6-6D62-4359-BB2E-76E9F7739537;1990-12-31;BPRAUX;230
4129116B-40CE-4E4F-AD47-C6FC5815983B;2024-11-01;"DUPLA ";230
BCB99DFB-301D-47A7-BAE5-4346EE59A479;2011-09-25;BPRAUX;230
BBF323B9-A2C3-4D77-AF75-A57446178B99;2010-06-18;BPRAUX;230
3713DA25-75F6-46FF-BCB7-9797A7F289C6;2018-01-21;DJMEIO;500
E10F250B-888B-4DD7-BDEC-6862BD43F761;1990-12-31;"DUPLA ";345
FF9BC881-886E-4CB1-84B1-BB30CDDB0ADD;2018-03-21;"DUPLA ";230
1365214D-F4D9-4FFC-930F-32DC34064799;1990-12-31;"DUPLA ";230
D8DDFCFE-66F5-44DA-9087-612B676696F1;1990-12-31;BPRAUX;230
6A97A554-D7C2-4618-A10A-D667E7BD57BA;2015-06-01;DJMEIO;500
1B963941-733C-4279-AA9A-F207BD0D1F18;1990-12-31;"DUPLA ";230
53BA14D9-3C5C-4616-AB93-017E1C32B497;2011-05-23;"DUPLA ";230
AA5E904A-D9F8-42BD-BC30-63242884D129;1990-12-31;BPRAUX;230
36D8819D-C1FE-41D7-8634-80B330BC8E60;1990-12-31;DJMEIO;440
FDD9C72D-F18E-4907-8818-5B7D2032B7C5;2009-05-11;BPRAUX;230
79A2FFC8-C67F-40FC-978D-B76D38EACB5D;2023-07-02;"DUPLA ";230
543FA16C-1207-4E8C-A1C0-499F0B8A249B;2012-02-09;BPRAUX;230
81921EC1-9D95-4D11-ABCA-9F41056FDFAE;2014-09-25;DJMEIO;500
E9FC4B54-6AD5-434E-B3DF-E388AE5CE9E1;2010-05-24;BPRAUX;230
C5C33F4D-06F6-4F27-877D-B9CEB5C8A18E;2020-01-27;"DUPLA ";345
CE5B2C9F-07AD-4F89-8889-80F2C0E4C5B9;2010-01-22;DJMEIO;500
AFC46547-FE9B-467E-96B1-2F633B2D3EA5;2010-07-06;"DUPLA ";230
90A13DCB-D4A2-4B76-BAA5-79CC692D6B82;2007-11-14;BPRAUX;230
9E3EA23E-4B8C-4DA8-9E92-E98097922E74;2002-07-21;DJMEIO;500
C8D30CC8-EE14-4099-A3EA-204972D0D165;2021-04-01;DJMEIO;500
5CB79D86-032A-42DA-AF90-0E1332BA04C4;2012-09-29;"DUPLA ";345
91432895-B2E5-42C5-8793-8D9B2956CDA6;2015-03-31;"DUPLA ";230
43F3B249-81CF-4520-BC73-572928C04E1C;2009-08-26;BPRAUX;230
161BB03E-9934-47A2-AF1E-6D2E5420371A;1990-12-31;DJMEIO;440
B8847579-5A5D-429D-B6F7-1810F2A7800E;2014-08-27;BPRAUX;230
134082F5-20EE-4BF6-BF65-99DD9D94FF79;2012-09-06;"DUPLA ";230
CB2189DE-A08B-4576-B7CD-5F712979C65C;2019-12-10;"ANEL  ";345
45FDF356-DD1F-44C2-A584-E941A7EDE373;2014-09-21;"DUPLA ";230
6D8E26F6-EF80-49A0-A334-86A9CC07606B;1990-12-31;"ANEL  ";345
46FFA32E-6E7B-4C98-BCA8-18F18C7FFDCE;2020-10-27;"DUPLA ";230
1C7EBA1D-ADC4-41C3-83DD-A089F8D8D9BB;1990-12-31;"DUPLA ";230
1DA594CC-4FA6-41AD-A042-958720AEB69E;1990-12-31;BPRAUX;230
BBC31DC0-B7CC-4E6A-8F9C-43891A705AAB;1990-12-31;BPRAUX;230
8E608B9D-7222-4821-B0AA-9FD27A832275;2006-12-20;DJMEIO;500
DEA79AE6-198D-4E74-BD03-0DD4BD589EC7;1990-12-31;DJMEIO;345
0362A7F3-A940-436C-88B4-9AE1E666EBC0;1990-12-31;BPRAUX;230
5FB23539-F40F-467E-81AF-3F9848C0F79B;2014-08-10;DJMEIO;500
EE4D2C52-4A10-45E0-B6F5-521EAEFDAD37;2022-05-06;BPRAUX;230
FA08B10A-47AA-4772-989C-E679E91CA2EE;1990-12-31;BPRAUX;230
943FD77E-B890-494F-9B86-8E962BC85129;2023-05-13;"DUPLA ";230
E7E3043D-F19C-4229-92BD-9AAE6F2042B6;2002-12-11;"DUPLA ";230
7838F992-B6AE-49F6-9D65-1643965275CA;1990-12-31;DJMEIO;500
7911DB3D-781F-44BF-A4E1-F04D901D3E41;1990-12-31;BPRAUX;230
FED49662-EC92-43C7-B43C-5500FD9ACAE1;1990-12-31;BPRAUX;230
CD150240-E82B-43BB-80F7-CB70234FFF5F;2011-11-13;BPRAUX;230
5BC608D4-1CB8-4A06-97D9-A52C66D8FE89;1990-12-31;BPRAUX;230
A349FD0E-894E-41AC-8DEF-BE606B973E11;2021-12-21;"DUPLA ";230
4D70620B-BFBC-4F9B-8011-D2C9B02C00FA;2014-07-23;"DUPLA ";230
8F12CE1C-05AF-490C-8BB8-1CA1FFF9A086;2011-06-06;"DUPLA ";230
7D6DCE0E-F19E-4098-8F2A-6011DE6DD9A0;2003-02-05;"DUPLA ";345
5DA4F020-A8EF-4993-9B53-FD9AD31CC80A;1990-12-31;"DUPLA ";230
434A719B-8929-42EE-85B0-BCD8390A2FD4;2014-07-23;"DUPLA ";230
ABFFDC0D-9FB7-4D3B-BD20-B94AB1BC7402;2018-07-29;"DUPLA ";230
4B5682E6-FE5B-4FB3-B395-BD970311A60B;2012-09-08;"DUPLA ";345
C30593A4-376B-47C3-AE95-23F4D64D848F;1990-12-31;"DUPLA ";440
28DA31FA-71CF-4651-BD2D-702C8645BA99;1990-12-31;"DUPLA ";345
D63D69CD-8056-448A-834D-A586FBAD43F9;2014-10-14;DJMEIO;500
3332C3FD-EFD6-4F55-B9DF-F37C156D5C58;1990-12-31;"DUPLA ";345
49C016C3-520D-4853-8EF2-81B177ED8825;2021-10-16;BPRAUX;230
51649634-A16E-4323-809B-7E15C362D5BD;1990-12-31;"DUPLA ";230
9F243EB4-BCBA-4017-9DC7-9F43C953F9E3;1990-12-31;DJMEIO;440
4B563A1D-CE3A-4E0C-BB18-464300998D19;1990-12-31;BPRAUX;230
8E086990-00A0-45D9-A1AC-9A79E3A11D21;2024-10-13;DJMEIO;500
F3C72DA8-746F-4BFA-AF0B-CDB4AFEFD28D;1990-12-31;"BSIMP ";230
B661AA1C-BEA1-47C2-96FF-01C42B0F6063;2009-01-18;"DUPLA ";230
A237E64F-3AAA-48A5-A4E6-A71866DDF30E;2023-10-09;"DUPLA ";230
8E8B43CF-CAAB-4851-BF3C-B0EA1DB9267E;1999-07-15;DJMEIO;440
D984B4DF-76DD-41F3-992B-70589E5FBDE1;2018-12-02;BPRAUX;230
B5C30833-D82F-4AFF-ABA3-B71921FC635D;1990-12-31;"ANEL  ";500
F28238AC-EDF1-4E47-991A-034656708A18;2000-04-26;DJMEIO;500
DA0A2BEA-7166-4832-A6D4-0D9A8B23CD53;2024-07-06;"DUPLA ";230
AED1F5C4-0302-4541-886C-584F8D7BAFD4;2018-03-01;BPRAUX;230
8ECEA5F6-88CB-472C-986C-087ECC5B0128;1990-12-31;DJMEIO;500
A3CB7B3F-267E-40FA-BC84-02F007DABDD2;1990-12-31;"DUPLA ";345
D9386093-6D65-4863-8CA4-A73B5947FFA1;2024-08-02;"ANEL  ";230
1C456EB6-0CF3-4CFD-8D17-BC62269BB4BC;2022-03-13;"DUPLA ";230
4E1662A1-23AE-4383-BA23-9721548AB53D;2015-06-28;DJMEIO;500
E08256B1-31CF-4C4F-8B11-25AB5404E475;2016-12-18;DJMEIO;440
C3066597-CB16-4B8F-BBAB-4EF7BDCFF6FC;2011-06-15;BPRAUX;230
D929BBFD-057B-4A77-B3AE-032C4BCE5DCA;1990-12-31;TRIPLA;230
3E4F934A-22F9-4600-8BB4-8AA3E9C087FB;1990-12-31;BPRAUX;230
9FC14863-3CC6-4419-8EAC-8A14391D1053;1990-12-31;"DUPLA ";230
40A5B8E3-4F46-4245-9A30-23AF39FB3B4F;2002-02-03;DJMEIO;500
4DB1A6C1-28BB-4FDE-8B25-1359372E6823;2023-01-29;"DUPLA ";230
9F1817D7-7F29-400E-AB9A-FF78AABC7B87;2005-05-05;BPRAUX;230
EB075F9B-63E3-4157-9EB2-E559CBF7AE9E;2017-01-11;"DUPLA ";230
7F6B8819-A0B9-42EF-A026-381CFD1D6188;2023-11-08;"DUPLA ";230
742017CE-7333-4270-958F-EB2F9006419C;1998-06-06;DJMEIO;500
886124C7-24B2-407F-AFE9-3E8C5C2B6FBA;2016-10-08;BPRAUX;230
DDCA2D1C-96E4-44E8-B08C-07C0F868055F;1990-12-31;BPRAUX;230
5EE63FB1-43A9-46FA-B067-920C8406EC5C;1990-12-31;DJMEIO;345
803A4BE4-7A83-4CC2-B52F-2328EDDD7381;2025-06-04;DJMEIO;345
82A393EE-D05A-402D-8465-3B3BE32802E7;2004-07-13;BPRAUX;230
162459D6-0522-437D-BAFD-0B5F027A8B79;2022-06-18;"DUPLA ";230
8D7F599A-E3D7-4794-BCCC-A88BAEA0921F;2012-09-02;"DUPLA ";230
6EB5F12C-D18F-4C82-993A-D3CCA383645E;1990-12-31;BPRAUX;230
0959092E-7BF9-4CAB-8090-CDF2B9569A6E;2021-01-29;OUTROS;138
CD1ECB28-EEF7-4014-B417-A5A5D5041015;2016-02-14;"DUPLA ";230
0C530106-0EB3-4B06-97F8-B0FBA94809EE;1990-12-31;"DUPLA ";230
30B9750D-9A0B-4170-A5BF-C90D2A092FE6;2007-10-23;"DUPLA ";230
4764B324-754C-4709-AB20-B507812E1F39;1990-12-31;DJMEIO;345
B9D48F63-C043-4173-A67E-F23A31D900DB;1990-12-31;DJMEIO;440
575F6BD7-B6D0-4D7D-88A1-ADE8E25DCCE1;2011-08-15;BPRAUX;230
8049872E-28FB-42EE-B30F-D5C6EB0017E0;2002-09-08;"DUPLA ";230
6B7D69EB-3F90-4DB5-B105-55BDEBD0EB6A;2001-07-02;"ANEL  ";500
7084F0EA-F33F-446D-BA3E-7209E8CA9A41;1990-12-31;BPRAUX;230
F758E62E-6DE1-47DD-B4A9-8A8D43EA40F1;2014-01-05;BPRAUX;230
BC1A0767-7D63-4966-A45F-C69C2B6720A7;2021-03-17;"DUPLA ";230
58B94B72-5A8B-4265-859F-C8A42977D4A2;1990-12-31;BPRAUX;230
0B604511-D550-455C-A815-9F752D51C59E;2023-09-03;"DUPLA ";230
8F9C870E-251F-4857-81C1-D587DEF9AE60;2022-08-28;"DUPLA ";230
EF58576A-4576-43DD-887F-CC0B3A5E04FD;2013-09-29;"DUPLA ";230
08EB17B0-6627-4B7C-9618-BF11DE6D95C7;2019-04-17;"DUPLA ";230
595403C8-1F79-45B3-9ECA-FF1E3DC7CD24;2024-06-28;"DUPLA ";230
91149E01-0E5E-4D04-96C3-98C024D00242;2021-06-06;DJMEIO;500
E80093A2-E813-4D0B-B4C0-B12BF07A58A2;1990-12-31;DJMEIO;500
7D6A66AC-8CED-4DCB-8189-AF743326D9B9;2006-11-02;DJMEIO;500
527230AF-BDA0-4414-803F-A9AE9A58209E;2004-09-30;TRIPLA;230
FC6B3965-A1E8-439C-BB1D-0672F06F6AD5;1990-12-31;"ANEL  ";500
2E270BD4-33B3-4CB2-B24B-C8E7FFF4B72D;2013-04-22;"DUPLA ";230
9504E535-EA35-4A77-B780-C91CFFF034B3;2023-07-28;"DUPLA ";230
CFED983A-90E5-4DE8-B1A4-0A7C82262203;2013-05-25;"DUPLA ";345
373BE085-2525-463A-856A-036D6A1FCD2B;1999-08-04;"DUPLA ";345
3D628AD5-874B-4E64-A57D-D1C6EDB91862;1990-12-31;"ANEL  ";230
3CC4911B-5570-49E4-AEBF-9FBC2337558A;2024-05-15;DJMEIO;500
AE983F2F-0D33-4E8A-B78D-FC2DE082B356;2024-06-19;DJMEIO;500
A68AACA3-3F7D-43AF-9946-EE67D1A379A2;2015-11-08;BPRAUX;230
B3ED7F8B-BF7D-4EA9-8CF8-764506F8FA14;1990-12-31;DJMEIO;345
0426A25C-3A1D-4759-AB6B-27D5F04588AC;2023-05-29;BPRAUX;230
140D7CE9-2398-4B37-BF23-E597E20E1234;2007-01-30;DJMEIO;500
59DCC837-2368-4FBA-98B4-D225B684101E;2023-12-17;"DUPLA ";230
98A6B2E8-599B-4D17-B4E7-A425AAA0622D;2024-03-28;"DUPLA ";230
94CC3F23-A1B2-4EBF-9B32-31E8D31D6B51;1990-12-31;"DUPLA ";230
E10E0B59-BAC2-49E7-A361-9292C7DF3965;2024-11-24;DJMEIO;440
4A54D358-17CE-4805-8FA5-0AA098671906;2001-12-01;OUTROS;500
71A4FDF8-3D80-481F-AFF5-B7489AA6400B;2011-08-28;"DUPLA ";230
EABA266E-5971-4319-B289-76B58959B272;2013-04-20;OUTROS;138
21DB4D85-15F5-41AC-932D-D07DA4E0A08E;2009-06-14;BPRAUX;230
A307702A-865B-442F-A6F3-D9CFDD7DE0E8;2023-05-01;DJMEIO;500
5B376294-316F-478F-8235-507F0B951C67;2016-07-17;BPRAUX;230
D24AD388-D1CE-4809-88E3-EB3D3A6F5014;2000-02-06;"DUPLA ";230
A9CF3A2C-161B-4512-8A8C-CF3B45C25843;1990-12-31;DJMEIO;500
AD3296B7-7646-4DAD-9915-2E176E681BC1;2024-08-02;"DUPLA ";230
E2BF7BB2-56C6-46BA-AF3A-50184DECF8B7;2016-06-19;"DUPLA ";230
84AA2AB3-4D86-4C5D-A887-D03D6E04E384;2022-12-16;OUTROS;230
8D4FE0DC-9C23-4AAF-B28D-2C90851B134F;2006-10-18;"DUPLA ";230
7814E77A-3787-4332-A9BD-C92B5DC2C0B1;2011-10-12;BPRAUX;230
D8706D99-4904-41E9-9C7E-17063B75A4E5;1990-12-31;BPRAUX;230
C77DC20A-45BB-45CF-91B7-EB9F38FCAB26;2017-09-06;DJMEIO;500
EF9F8FC6-EF23-4520-80A2-DF7A9EA82C2E;2017-12-29;BPRAUX;230
1D49708A-644C-4562-9BDC-F363556740C4;2023-06-05;"DUPLA ";230
38E168C4-670A-4DE6-BE88-9E9A6C7679F7;2007-06-12;BPRAUX;230
327067B8-5F05-47D8-B046-55DD26FB513A;1990-12-31;"DUPLA ";345
770C8A25-EB48-4D4C-88EF-91A1E00D3A27;1990-12-31;"DUPLA ";230
5A561BBF-6709-4B68-A7CB-FB2292AFBB33;1990-12-31;BPRAUX;230
17BC69F2-B472-4E68-B3FF-ACA5DF03A22B;2016-05-28;BPRAUX;230
637B4840-C7EB-4E4D-A7FA-BA12322AF8DC;2010-10-27;DJMEIO;500
0FF7E89D-2290-45E9-9563-C220858C2851;1990-12-31;"ANEL  ";230
CEDB03AA-14E6-4AF4-A22B-70BD5C240A69;2009-12-22;"DUPLA ";230
9DB33B2C-E9AC-4524-B4DC-A9BC7B4B2C98;1990-12-31;BPRAUX;230
0942C5EB-FC42-41D6-BEFF-7265CCA5583F;1990-12-31;"DUPLA ";345
FD954650-C53A-46A6-BFD1-D91E4B9651E9;1990-12-31;BPRAUX;230
908B1A97-D6B7-4453-8242-B47FA006277F;2010-01-31;"DUPLA ";230
F62BD0CA-53E7-4460-BB66-910DBE0F2DDE;2015-06-22;DJMEIO;440
8A9CF1CD-0742-4354-A6DB-E3BCD6310CD5;2012-09-01;TRIPLA;230
7C2EE4F9-48BD-4695-AE5C-745084D36E91;1990-12-31;BPRAUX;230
BB5BDBB3-30F0-45A0-90C5-6AD5CACD8AA3;2007-12-02;BPRAUX;230
78761FDA-39E5-4EA9-A4D9-7FDC815F320C;2011-09-26;BPRAUX;230
CEC5D20A-7411-4E20-BCF4-9E248A60837E;2009-12-12;"DUPLA ";230
14D19538-77CD-4509-8593-134C1D663F49;2009-08-09;BPRAUX;230
5F90C0FB-7BDD-44DB-A6D2-AF1B38DFFC84;1990-12-31;"DUPLA ";230
B9F60663-A5FA-4DFD-8B23-69C9C962CFBD;2014-09-28;TRIPLA;345
6C890ABD-5E44-4EA7-B7D1-7B01729CB2A5;2017-12-03;BPRAUX;230
EB3F0C5A-EF42-4536-8273-A67A4ABA5E44;2017-10-29;"DUPLA ";230
C87E7066-6AF7-4E62-80CE-BBDC10C985C2;2019-12-22;OUTROS;230
97DE8F48-CDF0-4327-9EAC-AB2B73FB697F;2022-06-26;"ANEL  ";345
13833E7F-3713-4F53-85C4-5A6652F8065A;1990-12-31;BPRAUX;230
B0F7390C-6116-4937-8C35-D8F887A7EF90;1990-12-31;"DUPLA ";230
B0D8707A-E15A-4F2A-84EF-950F34F3804D;2008-12-13;"DUPLA ";230
951A6CB6-9915-45B3-B842-22E5C6FAA977;1990-12-31;"DUPLA ";345
8066BFEF-9678-40A1-8F55-0CDD267C2FEC;1990-12-31;BPRAUX;230
FAF71C56-C66C-4B45-A802-D78BB4F6E1EB;1990-12-31;"DUPLA ";230
DB06597D-4FC8-4EA8-976B-6780A98A79E6;2023-06-18;OUTROS;230
2FC0AB13-853C-4DE0-9B92-83F046AB2B4A;2013-08-16;DJMEIO;500
3DEE382B-B84C-4B12-88B7-0C7584E1BD7A;1990-12-31;BPRAUX;230
98CC0281-EE7B-4AC2-A169-A459241C7670;1990-12-31;DJMEIO;440
E22F25BB-34C0-4A1C-A7F8-E2B037338F14;2021-02-12;DJMEIO;500
7ACED623-4DAA-4992-A633-5FA69828C5D0;2021-03-01;DJMEIO;440
877E4C2A-402B-4EB8-B31A-4B22E138185C;2020-07-07;"DUPLA ";230
1303801B-9DB3-496F-8BB0-64867A2873B6;2013-08-26;"DUPLA ";345
84793B37-3551-41B0-B566-499DDB1E68FE;2005-10-16;BPRAUX;230
472BAB2C-F259-4641-8F8E-46C47F0CB1CF;2021-12-29;"DUPLA ";230
6E3DB6AC-1E72-4DB6-B940-27E796AEE9EB;2025-05-14;DJMEIO;500
0D22829A-A658-4CBB-94CF-DD30D0CE3D8F;2011-02-27;"DUPLA ";345
5CCFA156-830E-46F9-8D51-5815272EFE68;2020-06-21;BPRAUX;230
FFFDB39B-D066-4224-9848-6D9ACF52BE69;2020-01-04;"DUPLA ";230
DF4F2003-6EAF-45F7-8020-9013817C6D00;1990-12-31;"DUPLA ";230
4F8F1F3C-CC15-4CE4-83A8-0B21806528E4;1990-12-31;"DUPLA ";345
4003EE70-B45C-44C7-891F-BB1F6EF6F1CB;1990-12-31;DJMEIO;440
C97B79D4-FD5E-452D-83B2-30FAA1368686;1990-12-31;DJMEIO;500
71795A45-8FB3-43AF-85B9-014106A6EBDC;2007-07-16;"DUPLA ";345
33919A4E-8F11-445E-BDDC-4A17FE681A9C;2019-06-19;"DUPLA ";230
DD781548-7E94-4620-ABAF-F126BA57E2A3;1990-12-31;DJMEIO;765
B6EBB536-F394-4378-99FB-5EE0CD3D886A;1990-12-31;DJMEIO;440
9B56DC62-22B0-46D6-9480-9DD877B4CE56;1990-12-31;"DUPLA ";230
111998E7-9D92-4538-BDCD-0CF26438B2BD;2023-01-25;DJMEIO;500
AD4CF9BC-FF28-484E-9298-0888B25E0C4F;1999-08-03;DJMEIO;500
0F8EA3F7-DE6F-424F-9B2C-73F34BCA6330;2012-10-11;DJMEIO;440
2392ED53-E2AE-4D43-BE95-A9067BBB0D6B;2008-02-08;BPRAUX;230
5F483BB0-26D4-4780-B11A-39CEC912ABA2;1990-12-31;"DUPLA ";230
B91B5C6C-6661-443C-9A47-A42052D4C8DF;1990-12-31;"DUPLA ";230
03043F46-6D02-4C93-8520-5A32BB0B8D14;2017-10-02;DJMEIO;500
5EB18AA2-19DE-47F3-8B9F-24DD3BE012E5;2009-07-10;BPRAUX;230
64C02E7F-3A0F-493B-9E0C-DB50E342A769;2016-05-12;"DUPLA ";230
C11B57EB-0777-4FED-9325-E09683E78ACE;1990-12-31;"DUPLA ";230
6CD33829-8A6C-4778-8BD6-E3606033983A;2007-09-23;BPRAUX;230
EDAE9693-FF75-41C4-A9F9-1EC775DCAC2C;1990-12-31;BPRAUX;230
A0DA4AB1-4E3D-4A00-B35F-D803557F15D7;1990-12-31;BPRAUX;230
B2E793B5-BA4A-4229-BCF3-2023FC784814;2015-11-30;DJMEIO;230
78B3EBC8-F56B-4BB3-A5F7-2706B151DA0D;2015-12-21;"DUPLA ";230
C92771E1-8125-4EDF-A205-E93AE3DADC26;1990-12-31;DJMEIO;500
552C4C96-F16B-47E5-9B2D-3230736F71DF;2019-06-02;OUTROS;230
2330284F-71E7-4FEA-AAEA-073E1C52A071;2013-07-03;DJMEIO;500
216F6E5D-E258-4CEA-A712-898B2A85FF8D;1990-12-31;BPRAUX;230
A4988DFE-12D9-4329-AC56-03D916CB9DDD;2018-04-15;BPRAUX;230
8D49D287-FE99-40A8-B5DA-B98817B8B295;1990-12-31;"DUPLA ";230
41A1D1DA-43DD-449B-A2DE-37FC4BF6B391;1990-12-31;"DUPLA ";230
52732ACA-3F3D-41EB-A1C3-5E7DB087D478;1990-12-31;BPRAUX;230
47A5FFAD-993D-4B88-8A5D-8860C7C5D531;2016-07-10;"DUPLA ";230
807F912E-403C-4C70-8A4E-842A99653258;2012-06-25;"DUPLA ";230
9809289C-CDFF-429C-AF50-CDE2FD3210F2;2000-02-06;BPRAUX;230
0C5B0AA2-5077-4328-B167-81CC2F03E17A;2007-11-30;BPRAUX;230
CA42DCD8-C723-4A4E-A419-075957FF3D66;2017-06-25;"DUPLA ";230
36F1BEA9-9279-4C2D-9BED-A1673776F56D;2012-12-02;"DUPLA ";230
B69589E2-6807-418A-B60E-EB9DF2CF9414;2013-06-09;"DUPLA ";230
DD549033-7750-4EC7-B238-D207A907376E;1990-12-31;"DUPLA ";230
EAB87D4F-8510-48D3-9851-A3E73A5F1D61;1990-12-31;"DUPLA ";345
02DE9555-030F-4CEB-9826-8027C8D8866F;1990-12-31;"DUPLA ";230
0F0728DC-114B-4FA9-947E-6DE866090D6D;2016-03-30;"DUPLA ";230
5857F116-46F2-4144-9266-187B3561C77B;2013-01-25;"DUPLA ";230
34BE3784-CDAE-409E-92F5-606D4F251F34;2024-02-03;DJMEIO;500
3690E5CA-2090-4DA5-A805-327DE86B80CA;2013-09-01;BPRAUX;230
E0991600-E200-4AC5-B956-72C797B539C3;1990-12-31;"DUPLA ";345
A9441B94-9CE5-48A5-98C9-4C5026B2554B;2006-12-18;BPRAUX;230
D43B94DD-D497-4DC6-8FDA-B97D71C6C380;2018-04-29;"DUPLA ";440
6567AD54-68F7-4EF8-9098-EACE464D8897;2015-07-16;"DUPLA ";230
864540A9-190E-422C-ACFE-F9A9823DBA84;2018-10-05;"DUPLA ";230
4841D8B3-A9B2-4003-A5B5-DA09D70BE96C;1990-12-31;"DUPLA ";230
377D8035-8E88-4BC1-88E2-385158BC0C17;2019-03-03;"DUPLA ";230
270C0041-C543-4B27-BB02-7B5DB2AACFE6;2011-10-30;BPRAUX;230
C02A2364-7C86-49B5-94A7-1314E72DF8B5;1990-12-31;"ANEL  ";230
F84DCB9B-F130-4277-A5D2-0A9807D3463D;1990-12-31;BPRAUX;230
39D80A8A-0BD1-44F7-BB17-EBA6C2EF8815;1990-12-31;"DUPLA ";345
0A766EC1-AA11-4B41-841B-B550585BD4FA;1990-12-31;"ANEL  ";345
E84D8F35-5DED-432C-872B-BB6B793DA00D;2004-01-25;DJMEIO;500
4E122FE7-704A-452D-9967-877E01CD93E6;1990-12-31;"ANEL  ";345
DFA17F76-9611-49C6-8262-CC3BE7A37BF1;2015-05-10;DJMEIO;500
71CC2757-211A-4D92-973D-6FE88DB85E16;2003-06-30;"DUPLA ";345
0E8744D7-AFE5-4969-BC9E-C8CF208F4C3E;2009-07-06;BPRAUX;230
1664D711-FBFE-4BAB-8601-ECE56ED1692B;2022-12-17;"DUPLA ";230
3748EB92-5990-48E4-B964-9F2F1ECE202A;1990-12-31;"DUPLA ";230
83150C52-35D0-44C9-9112-C284CF0A5784;2015-02-22;DJMEIO;500
D930D9DF-F1CB-48D3-B922-F791DC37BDC9;2023-12-02;"DUPLA ";230
C3FD8C18-F21C-4F8D-AFB0-AE5BFA90FF98;1990-12-31;BPRAUX;230
B04BFC21-3290-4756-A2E7-64B78912DBB3;2008-03-25;"DUPLA ";440
983FA7B4-487F-44D5-9898-82D148985D61;1990-12-31;DJMEIO;440
5B6A4864-6D93-42FC-94D0-4E97AB2041BB;2003-11-10;BPRAUX;230
DB74109B-2CDA-4D4C-86CD-252E49F1C0E1;2001-03-13;DJMEIO;500
284D8099-54AD-4BA2-9F1D-CBDBFC7678E7;2020-12-04;"DUPLA ";230
84BD511D-6277-47EE-B645-4874358E846D;2015-02-08;"DUPLA ";230
9F376D6D-F527-405E-BA33-CC75D29896CA;1990-12-31;BPRAUX;230
8ABC2B43-ED95-4E5B-9E70-40FFCFC10E0B;2001-07-25;BPRAUX;230
64883052-ADC7-4180-929D-CA9A2E68CB69;2008-02-18;BPRAUX;230
FF43FC19-CB5F-4E57-B4F2-97863D71913A;2013-09-07;"DUPLA ";230
81737197-5406-4565-9D1C-43D983177299;2004-01-25;DJMEIO;500
BF8835C5-990C-426F-B526-B722CDC26D5F;2019-02-17;"DUPLA ";230
749B5EBB-7FE5-4728-B3D8-CAA50CE673F8;2009-06-16;BPRAUX;230
7A6F5E69-5A04-4CBF-91B9-93597B53F05B;2014-02-28;BPRAUX;230
9A79782A-BB1D-48A4-BEDA-3A1D87A148CC;1990-12-31;BPRAUX;230
226FA0AE-EA74-4C4D-9121-0A1FC45E49F7;1990-12-31;TRIPLA;345
B5436533-5880-4038-9A64-C2BA7CAEA666;2013-09-01;BPRAUX;230
587FA9B5-D4C9-4DB1-A1E7-DB3CB5771DAB;2014-12-09;"DUPLA ";230
E49AEB5A-C1B2-4A2F-9519-C650809EBE04;2013-12-22;BPRAUX;230
A5194BF0-97F6-4E87-8875-7A1A3CF7F22E;2015-03-16;BPRAUX;230
25F29DF5-0E1A-4FE9-998F-5E7F27FF09E0;1990-12-31;BPRAUX;230
D27247AC-2C6B-4730-8EA1-90FD66830349;2005-04-17;BPRAUX;230
EEC3CB4D-F102-4DB2-A192-4C69F0BD3C01;2020-11-13;"DUPLA ";230
66C36BAE-71F9-4D8B-8D0F-1886931FC598;2009-01-26;"DUPLA ";230
50B4237B-C3AC-48AE-8E9A-D392D1A2B753;2002-08-04;BPRAUX;230
A693AD9B-DF6E-4CB9-ADB9-720C564849BD;2015-08-09;DJMEIO;230
AB54C437-ADC5-456C-A346-438A3B4BB50E;2006-10-10;DJMEIO;500
EC697299-CD8A-436D-B3EF-9E16C125A226;1990-12-31;BPRAUX;230
6443015B-EBB4-426A-BAFF-AFD88D559560;2014-12-09;BPRAUX;230
FF0AA7C0-6553-4E3E-B265-B1FD2B36C206;1990-12-31;"DUPLA ";230
90E5D015-459C-4F18-AA9F-F1DA845ABA9C;1990-12-31;"ANEL  ";500
06A8DAD9-0ABC-4738-A1ED-648A8800DFC0;2004-01-23;BPRAUX;230
9D6EEFAA-F031-4CFD-AD6C-BF47868D8F23;1999-04-21;"DUPLA ";345
7AFA9DF1-8E26-45B1-B1FA-1ABD84FC5533;1990-12-31;DJMEIO;500
A78A0D46-2591-45E4-A2FF-82E5246E3094;1990-12-31;"DUPLA ";440
B94308CB-123F-4045-9FE2-F77909423414;1990-12-31;BPRAUX;230
674D8274-555B-4237-BBE7-4A4DD6B87DED;2006-09-17;DJMEIO;440
62F5BB0D-8F8B-4278-8C01-3DB60B53DEC9;1990-12-31;"ANEL  ";345
FA5ED7C3-6B48-41CC-BEA7-70D7D89AE087;2001-12-30;"BSIMP ";230
71E2AD5C-CA5C-430F-BC2A-90756CDB3232;2008-04-01;BPRAUX;230
CDE3BF80-45A8-4454-A382-5832C64A3A3B;1990-12-31;BPRAUX;230
69B1356D-9B55-4313-A586-70B6E0AF1C7B;2012-12-02;BPRAUX;230
FCEE839F-3F98-48A6-98A7-8D6BB1B743CA;1990-12-31;BPRAUX;230
77BEE62F-612C-40BC-B8C7-5C4A547C2328;1990-12-31;BPRAUX;230
575027EE-0D74-43BC-94A0-E3B64141152E;2020-02-26;DJMEIO;500
41ED13D4-3691-4CE6-9987-E93FB75246C9;2018-05-04;DJMEIO;500
D298764B-043A-4443-8031-42DB085E61A3;1990-12-31;BPRAUX;230
ED71725D-711F-4F01-89D3-49238120657A;2025-12-08;"DUPLA ";230
6A3BD889-72BA-4693-9A92-8AA1074FB370;2025-08-29;BPRAUX;230
7D626F8A-1B14-4815-9BA8-A7E1C57ADBAC;1999-02-27;"DUPLA ";230
E982614A-95D5-40B5-9990-9989ECF9F50C;2002-09-28;BPRAUX;230
13AF42D5-1028-473A-83DD-5333B7836BC2;2021-03-13;DJMEIO;500
52717067-F22C-49F8-971A-C341FB9C58D2;2014-01-21;"DUPLA ";230
18218745-2D63-4B41-8766-EA8B62385C69;1990-12-31;BPRAUX;230
DB5A98A6-9ECB-42CB-9D8D-32C1F7C7D8A8;2006-08-25;"DUPLA ";230
A72BD56D-7FA5-4317-AB3A-A394D5404236;2003-06-15;"DUPLA ";345
16D976FF-3466-4459-A793-C8E92BE70270;2006-08-09;"DUPLA ";230
84D93928-D366-40B9-B0CD-38CC8B66D347;1998-04-07;DJMEIO;500
D94FC0EA-7ECE-4263-83D7-C903DE84DEFF;1998-03-09;DJMEIO;500
26CAD814-DEA7-4F53-9C05-9773CBB71794;2001-02-18;"DUPLA ";345
0B6F7610-23BE-4C8A-BE40-A7682629EE32;1990-12-31;BPRAUX;230
1BEDC70D-3287-4694-9165-AF42FCD0354B;1990-12-31;BPRAUX;230
59714C45-7F19-4ADF-AB64-383589441535;2015-01-28;DJMEIO;500
5B3AB9AD-02B9-4E85-92E0-C124E60EB941;2023-04-16;DJMEIO;345
0DA38EE8-2C8F-4957-9314-78C3CDCA156A;1990-12-31;"DUPLA ";230
6D91627C-0809-4F4A-B786-CFFA4028E126;2013-12-22;BPRAUX;230
1C1B9269-2936-4198-8FEF-0FE212124956;2024-11-02;BPRAUX;230
43858604-7112-4C41-812A-B7FAA0363D05;1982-05-25;"DUPLA ";230
596E0C13-45F2-4528-82B0-67DE8C99E9D5;1999-04-29;"DUPLA ";345
D7A38D08-22DE-44EE-9374-6818BDDDF83C;2008-08-20;BPRAUX;230
0EBC3A03-57B6-4B5A-B505-78FD4F82CE62;1990-12-31;BPRAUX;230
8822DF66-4505-49AB-A848-E43FE989B197;2019-08-10;DJMEIO;345
EB21CB81-C854-433D-A187-77C1504AF8F9;2012-02-17;BPRAUX;230
B9E051C8-32D0-4223-A2D5-FA7E228CE28A;1990-12-31;BPRAUX;230
A7D4AA4D-5547-40F0-9CEE-A67E752A87A0;1990-12-31;BPRAUX;230
15E752D2-5816-4ABC-9A94-9413FC7C5BF9;2023-03-10;DJMEIO;345
580F42B9-F6B8-45AC-B957-36049DF0A63A;1990-12-31;"DUPLA ";230
9BDE514B-020F-404D-8A35-FB43737D32D8;2017-05-28;"DUPLA ";230
A2377B8D-B5A5-4125-8875-F7B199E6A415;2017-08-27;"DUPLA ";230
30A862C5-7497-4067-8931-549953D91397;2023-10-02;"DUPLA ";230
6FEFA82C-5808-4D65-B94C-14C208CA49EE;1990-12-31;DJMEIO;765
258F7945-6FCA-4CA5-801A-C4E5D9B05288;1990-12-31;"ANEL  ";230
068B377A-FD3C-4F29-9C9A-92AC88378806;2014-05-26;DJMEIO;500
A6575B86-32B9-4A08-A709-A89581E4E58C;2001-12-21;DJMEIO;440
1F9A92EA-F9E2-498F-AAD3-AD6DBB1E865E;2010-06-13;BPRAUX;230
063B9AB9-5AC9-4600-862E-B3FDC77392F0;1990-12-31;DJMEIO;500
A3757C7A-557A-4C32-8414-0181B78DD544;1990-12-31;BPRAUX;230
241D1403-7568-48C6-B033-841B4469F6A4;2013-11-20;DJMEIO;345
6C0776E3-8490-41EB-8FAA-A036FA96F525;2014-02-28;"DUPLA ";230
8B3CBC04-0E04-4D93-B8EC-53C1D5B36F6A;2018-08-26;DJMEIO;500
3DF520E4-7689-4A2E-85B9-A5CE7C2FFE86;2001-12-08;"ANEL  ";230
248B4DB8-9DFB-404F-A2A9-CCD9F6648EE7;1990-12-31;DJMEIO;500
A1583F11-F115-4E6B-8407-9F2EE54C0B9F;1990-12-31;BPRAUX;230
AF6F4292-7FD7-4D2E-8B50-818B9A886964;2000-04-16;BPRAUX;230
049F4E33-511A-40DA-AEE8-FA4368601894;1990-12-31;DJMEIO;440
D5FE6817-1890-46E9-A1C2-E36AEC24D09E;2008-07-05;DJMEIO;500
ED2FF8D8-C022-4CA5-BBD1-CF2B7470FD98;2009-04-05;DJMEIO;345
3F471218-FD78-4A69-953A-233ABD829ADD;2003-03-04;DJMEIO;500
391BDC4B-A13E-4AF6-9809-DE1B069E15B8;2019-12-22;OUTROS;230
5540E277-052D-4923-BB5E-0376C62450BB;2021-02-22;"DUPLA ";230
914F6355-1212-4395-BE0E-55712F524310;2011-12-04;"DUPLA ";230
FBB8FC67-8C01-467D-A12B-01B71AC82D42;2009-09-04;BPRAUX;230
A78368AF-8EC7-4A0F-864F-E56BE0BFDACE;1990-12-31;DJMEIO;440
E1CB2A4B-6019-49F5-8AC3-700EE7461768;1990-12-31;DJMEIO;500
6AED5992-7C51-4238-A9F6-C08E540DE9DF;2008-04-26;DJMEIO;500
78FE1262-E81F-4AA3-9E68-B4DF3DB9BDAD;2022-05-21;OUTROS;230
70D97D06-EEDB-4620-AACA-3C3774C72A47;2020-01-12;"DUPLA ";230
725409A2-0E3D-4446-987F-EB1FF410D697;1990-12-31;"DUPLA ";345
713C5599-A6BC-4392-A658-4006DB5B9B50;1999-05-03;"DUPLA ";345
51670481-C0B0-43A4-BFC6-48F3FC483BF8;2007-11-08;BPRAUX;230
48E8BEE5-9E91-4DEA-9EE5-0C9076F210E8;2018-04-29;"DUPLA ";230
14A135B0-F3E4-4A4E-8FDF-BBD69D993931;1990-12-31;DJMEIO;500
AA75FA33-9E52-47D9-8FEE-A5BC69C0712E;2007-05-06;BPRAUX;230
FC00A5BB-0D4B-405C-AFAD-FCDDF9DE1679;1990-12-31;OUTROS;138
C23B93D1-6D8D-440E-911A-D6D9192CC4D2;2013-07-22;DJMEIO;345
8D8BC86A-CDC2-4AAF-B02D-7F7A2E57C62A;2014-02-16;BPRAUX;230
67E58C5A-8E95-41B8-92F3-E6B672032201;2021-04-01;DJMEIO;500
11ED973B-5F01-4B0B-813A-97DA58168C83;2006-02-01;DJMEIO;345
18971934-C7F4-4707-BE7F-465705C731B3;2013-10-13;"DUPLA ";230
B7C053D0-9734-48F1-B3A8-9114744DF765;2008-12-27;DJMEIO;500
575C9142-8228-4CC8-907A-34C0AA53DFF2;2024-01-29;"DUPLA ";230
0FE81E09-8393-4AAA-8E75-909048EBD2B7;2014-07-21;"ANEL  ";230
DB5E61BA-B974-4894-B987-F981DD5A8187;2011-06-06;"DUPLA ";230
4838A492-89EE-487C-BCEC-C7FE34C6DF3B;2013-11-05;DJMEIO;500
25A7D8AB-326A-4464-90E9-F1A74466E9A5;2023-06-05;"DUPLA ";230
67D91F7D-F058-4F09-85E7-9BFD07230C81;2014-08-25;"DUPLA ";230
B2BFFF06-E91B-405F-994C-DC504CC9B88E;2002-06-18;"DUPLA ";230
D6F046AA-8A21-41ED-92BD-CE6AFBBDC257;1990-12-31;DJMEIO;440
D89AE226-4A70-4E95-8F42-9ABB15BED2BD;2000-10-09;DJMEIO;500
70B7AC8B-8E82-463C-9CBC-C4ABAB197FFA;2010-11-28;DJMEIO;500
4C0BDC14-DD24-425C-BBFD-65BCEB0AC073;2016-04-22;"DUPLA ";230
5B009B1D-13C0-421B-8A3D-4D9D5387B8AE;1990-12-31;"DUPLA ";230
CE6A579A-7416-4E20-A2F8-3B21E0A04A9A;2009-05-21;DJMEIO;500
B55107E0-4499-4EE7-8DBA-C4114403A0E5;1990-12-31;"ANEL  ";500
816653E7-90DE-4268-BEA5-5A35ED0BA3A9;2025-05-04;"DUPLA ";230
1774AC61-DAD0-4225-B1C7-8C3D76A609E5;2020-08-20;"DUPLA ";230
E7B3BDAE-CD94-4E23-9BDA-CB3572944E67;2016-08-14;"DUPLA ";230
C13B1F0E-8DF7-4DBF-8B0F-5711BF854F0F;1990-12-31;DJMEIO;500
58682C71-82CE-4105-A731-736CAC1F991D;2020-11-08;BPRAUX;230
976E238F-CDA8-440B-BC0F-90D22D4ECBA1;1998-01-25;BPRAUX;230
C11B0376-0E4D-4DBF-9760-495F7B34A162;2023-11-05;DJMEIO;500
1FCA5E9B-62A4-4670-B189-9121A55174CF;2016-07-13;DJMEIO;500
3D5714B3-E512-47CC-A8C0-C849047C9878;2002-12-22;"DUPLA ";230
57806FEE-DB0D-4805-A542-4467F5D4B48C;2018-03-04;"DUPLA ";230
B1B22AA8-821E-4D5A-AE1C-317C4CB08AA1;2015-03-16;BPRAUX;230
1E07BAE7-73EA-46CE-B7A9-E0370849DB47;2022-11-30;OUTROS;500
044D2030-8A75-4C9B-B2C2-D203522170BC;1990-12-31;"DUPLA ";230
F32771BC-4602-4639-A49B-CF672F1FC57A;2013-08-09;"DUPLA ";345
1FACDCB4-5269-425C-BB15-58C8C0541010;2011-07-17;"DUPLA ";230
A711072E-E236-4E58-AC6C-985DF1B888C3;1990-12-31;"DUPLA ";345
DD39BD46-C53B-4406-ADFC-44C9D5A4EEFA;2023-05-01;DJMEIO;500
952239C5-D3DA-4BC9-BD6F-215E81E4EBB5;1997-10-05;"DUPLA ";230
9DD19E83-FCEA-4D9E-9268-C0CAE7F360EF;1990-12-31;"ANEL  ";500
1DB4A099-6EE9-476A-8F02-F2CBF243200B;1999-10-30;BPRAUX;230
51292C18-31ED-4D63-B6FF-52F12960B6B0;2018-05-04;DJMEIO;500
573F935A-5A4F-4D09-9A77-9626B32FBB6D;1990-12-31;BPRAUX;230
D7EC6434-BF8F-4699-8A20-1FA3E017D34B;1990-12-31;BPRAUX;230
2BD05842-C822-4B32-90E6-AE4E4ED497B5;1990-12-31;"ANEL  ";230
BAE54530-1896-49C6-897D-732E3D6A4D95;2015-09-13;"DUPLA ";230
54239F60-1E94-4327-BE4F-348C634509D3;1990-12-31;DJMEIO;345
5C17EFDE-AC38-42A1-8921-47450C93FC46;2012-11-03;BPRAUX;230
97C338DC-7669-4BA4-8B57-DF87ED9B047E;2017-10-18;"DUPLA ";230
F6E0DA25-85FB-4E53-BC0D-EE9B432BC47F;2024-10-31;DJMEIO;500
F239CDD0-6ABC-4E85-8155-849BFED176DD;1990-12-31;DJMEIO;500
373DDDA5-15BC-4199-A764-F67130D6A47E;1990-12-31;"DUPLA ";230
7D4391B2-5728-488A-9F43-F11A6A98C583;2018-07-17;"DUPLA ";230
E25A9E4D-8B06-4CC8-BA96-6BCCD553FF0E;2020-04-16;"DUPLA ";230
8F662221-D026-4BB2-8615-77455C45AD9F;2024-07-28;"DUPLA ";230
50F9C677-6882-4699-91F9-DE04F0DAF557;1990-12-31;DJMEIO;500
7FBD9408-D2B6-41D7-8358-F38BB3ACA907;2018-02-21;"DUPLA ";230
8E7FFB52-758C-4322-8F04-9C8A1779501B;1990-12-31;"DUPLA ";345
D986131B-4B84-4DE8-8BD6-C5782EFD6B64;2023-05-13;DJMEIO;500
6F8C19AE-D47E-4D76-99B1-E45A0540A6E4;1990-12-31;"DUPLA ";230
7F2D0DE9-09B2-4EE4-8837-EDF731C415C9;2024-12-30;"DUPLA ";230
DF39C2B8-B194-4461-93CF-F8717023C467;1998-08-28;BPRAUX;230
209EB4C0-E63E-478E-A305-E8F3B77F307B;2021-02-25;DJMEIO;440
A90C95E3-C878-43A0-AFEA-D5352D3E0667;2017-09-29;DJMEIO;440
E57197DC-6EA9-4F3C-B3EB-4ED92D17A6C6;2023-01-15;"DUPLA ";230
2189AC8E-3FEC-4A31-A660-EB794CA97567;2006-08-20;"DUPLA ";345
54742AD1-B566-4347-81B8-8A0D98593C11;1990-12-31;DJMEIO;500
091A9B8A-F32C-4375-99C0-780361B1ECE4;1990-12-31;DJMEIO;440
C82E945E-0D25-461E-915C-B4C89B4C6015;2001-06-25;DJMEIO;500
111ADE95-8574-41F6-9BF9-2B67EF7A95C6;2002-11-03;"DUPLA ";230
9A16E6CC-35EA-4085-8F3B-26C879F429AF;2006-05-31;BPRAUX;230
7EE736BE-2EFD-402E-BB49-4A8EFD89B1AE;2013-10-06;DJMEIO;500
CEA0063D-D90E-4C37-A135-A4E0ABFEC701;1992-05-25;"DUPLA ";230
8CF2A5DF-7CF3-4B04-A284-8BC476C4F5D1;2018-02-21;"DUPLA ";230
5B838E1C-3993-4E59-A9EC-FF210637E797;2023-05-13;"DUPLA ";230
C850A04F-46E0-4B44-9B44-2EF8428B8E9C;1990-12-31;DJMEIO;765
420071ED-4053-473C-BE00-F2AD57C552C9;2006-05-22;BPRAUX;230
79EF276C-3569-474F-AC05-EE8F1FBBC038;2010-08-22;BPRAUX;230
6DED620A-7A47-4EDC-96E1-CF9E74554308;2024-03-14;BPRAUX;230
783B3D90-1BE7-4FFC-B3A8-DDA22416F1C5;2012-08-16;"DUPLA ";230
90406650-B2C8-4D79-80EB-FBE0051A221C;2024-06-16;DJMEIO;500
E4B22469-BD58-4ECA-86AE-79D306D83E7E;2010-09-05;DJMEIO;440
417BA2E3-E31E-4050-85ED-D7ACA4E9AB3E;2022-08-28;BPRAUX;230
7DEE2F6C-25B1-4C45-9165-277335D80FDB;2009-09-24;"DUPLA ";230
853B2A98-BB89-4CF7-ACA6-783BAAA2BFD0;2018-08-30;"DUPLA ";230
DBBA78B9-5F4F-4381-9883-AA275249DB94;2002-12-11;"DUPLA ";230
22610DBA-9F12-4164-BCC2-BAF02CC3C38F;2006-09-17;BPRAUX;230
25288F52-2B7B-430A-B67C-336DE7F68A2C;1998-03-15;"DUPLA ";230
D05B54E3-8C01-490F-B9DB-B13A9F4BB8D7;1990-12-31;BPRAUX;230
4592F955-D4C0-425B-8D9F-27B64019C189;2008-06-08;BPRAUX;230
9FE556DC-9229-4044-A12D-D158ECD9C8EC;2023-01-09;OUTROS;230
FE545373-09C7-4B48-83D2-0F570115D144;2014-07-23;"DUPLA ";230
E4018002-6340-496F-A54A-E19B68740521;2012-03-01;DJMEIO;500
E6946B30-E217-4772-A8F2-EDDF48594007;2024-12-15;"DUPLA ";230
BA7B92C9-C317-4FDE-98AB-7CA26DEF0FB2;2008-09-18;"BSIMP ";230
2504F7E4-B16E-4820-A3C8-990EA331CE7D;2019-06-02;OUTROS;230
26C1600C-6E36-4699-9514-8F4F8B7B5F1C;2004-12-19;BPRAUX;230
6B97EC58-3A8F-4853-B9E5-0FC6D32CB782;1990-12-31;DJMEIO;500
3253AA9C-A677-4F6D-8C47-F84B5CF9A766;2007-06-12;DJMEIO;440
040F8C6B-6154-4F65-90DE-0A928E5DF927;2019-05-23;"DUPLA ";230
5A6C3F9F-DB74-459D-82A8-BE84B7A0B5D2;2000-12-10;BPRAUX;230
CFFEEEAF-0A23-4D7D-9526-D5875D45E1DD;2023-11-22;BPRAUX;230
739D0037-CFA2-4D01-9B9C-F24DA571991E;2010-11-30;"DUPLA ";230
A90EFE72-06AE-4E04-AAE6-B22F1EE6B388;2011-04-18;DJMEIO;440
3F8B8808-332F-42CC-95C5-5E25C2CC3B0C;2012-09-02;"DUPLA ";230
DC1037C6-DB13-4BB4-B5DF-ED9615D88208;2005-11-21;BPRAUX;230
BF613F99-2DCD-4D53-813D-35CBDD081C47;2013-12-13;BPRAUX;230
59210FF9-D5FE-4EEF-B238-D10ACCA19706;2016-06-23;"DUPLA ";230
4020B8F4-3A21-4DF9-8501-1C464D81E73B;2016-01-14;BPRAUX;230
CD2CC60C-A7FC-4B36-917D-175D718DDD25;1990-12-31;DJMEIO;500
5FF4882C-FDA4-4E16-9B33-337133325796;2019-02-25;DJMEIO;500
00E09BD9-1407-4988-A183-D1FCB78D4E71;1990-12-31;"DUPLA ";345
7D009E15-757B-4BA5-9B51-239AB1A261F2;1990-12-31;BPRAUX;230
15BCC681-BAF8-4836-8374-8E8F76FAF496;1990-12-31;OUTROS;345
5E761A88-76FE-4198-8E85-039CE77EDEF9;2014-09-21;"DUPLA ";230
FCB862B1-ABE5-48AA-B81F-C5CEB36E1E0F;1990-12-31;"DUPLA ";230
B9DAFA34-ACAD-45A2-9EA9-FA166E912DA2;2025-11-10;DJMEIO;500
702BC098-B23F-4DB2-8277-D6F642CA8B28;1990-12-31;BPRAUX;230
30C3AEA4-3841-4F2F-9493-E2E62AE7FEA4;2008-10-31;"DUPLA ";230
EE6A50AE-34AB-4577-A6B8-DE0A643921BD;2011-11-29;BPRAUX;230
67283C11-F89A-4F7F-BAC7-026CCF896C40;1990-12-31;BPRAUX;230
0EC82B9E-A2C8-4F31-A054-D53BAC6B8620;2018-05-04;DJMEIO;500
891C53D5-3FCA-44CD-AA86-AB4177A748C4;2019-04-02;"DUPLA ";230
98A71AE0-3C28-4381-A1BF-3523AFCFD83D;2010-03-24;"DUPLA ";230
BF27730A-1062-44DA-AFBF-F53BDC915EC3;1990-12-31;BPRAUX;230
B70327BD-54B3-4AF3-AD2F-374725749C99;2018-09-22;BPRAUX;230
6796302D-5EE7-4A4A-8EF0-46CFBEB168EB;1990-12-31;"DUPLA ";230
F7581B81-A4E0-4431-ACE4-5424BF6B6594;2008-08-17;BPRAUX;230
85B01A8D-4AB0-41E9-ABFF-75BB9ACE6BCE;1990-12-31;BPRAUX;230
7ABA0B82-836C-4A75-9624-9AE7E4F89BB3;2012-03-30;DJMEIO;440
